duration,count,class
34,5889.009744125821,0
-57806,0.3752611722476922,1
-57440,-0.21778727222798322,0
-56345,1.6860190265453685,1
-55979,0.5769577322265029,0
-55614,1.4381160732384257,0
-55249,0.8175081552599203,0
-54518,1.101319398315616,0
-54153,-1.14057012761051,0
-53788,1.2098276254686688,0
-53423,1.9156311819589806,0
-51596,0.9406970236062808,0
-51231,0.03650974310556587,0
-50866,0.593579762639125,0
-50501,3.4516532420640322,0
-49770,1.4566556438878706,0
-49405,1.703438698799015,0
-49040,-1.4769044635087614,0
-48674,-0.2678646672749214,0
-48309,0.6335662662411486,0
-47944,1.0658439314845183,0
-47213,0.551157425690576,0
-46848,0.5847784173324075,0
-46483,0.5908961428749353,0
-46118,2.639599791993619,0
-45752,1.4191468536064091,0
-45022,-0.3748368708308112,0
-44657,2.4514389515218835,0
-44291,2.4663674517516063,0
-43926,1.6809103251548603,0
-43196,-0.09551088090763038,0
-42830,1.4244738315853889,0
-42465,0.9213145625576414,0
-42100,1.2072678667542047,0
-41735,1.7619420534114076,0
-41369,0.8620600980080142,0
-41004,0.9622355027085041,0
-40639,2.5190851875246896,0
-39543,-0.16485525527491252,0
-37717,-1.6330022544871738,0
-37352,0.3744117327278428,0
-36621,1.9254658648495915,0
-36256,0.5709302752878902,0
-35891,-0.8068567200124592,0
-35525,0.8440462575333458,0
-35160,-0.39060936318181616,0
-34795,1.254058236023793,0
-32603,1.0754850099329405,0
-32238,-1.722918780269561,0
-30777,-0.9717109845548662,0
-27491,2.396997824121748,0
-20551,1.160491288712513,0
-19821,-0.13358252043500451,0
-18225,1.0511457157245088,0
-14707,1.020160171361125,0
-6306,0.18739265688999196,0
-1193,-2.119815229151909,0
-1096,7.997302002043898,0
-731,9.745406140329825,0
-423,1.3323804908100314,0
-366,6.074362934952276,0
-346,16.36673779335925,0
-345,3.370539937988462,0
-344,8.529268279629918,0
-343,3.5192409941597864,0
-338,5.032822243627588,0
-336,1.0340407097495883,0
-331,0.45957379212185856,0
-325,4.838910719517717,0
-313,0.9970552116806934,0
-297,3.5657533872294884,0
-296,1.1031100745796492,0
-295,2.67914915491785,0
-294,0.5105302996323771,0
-287,0.5478587879808636,0
-283,0.0030695940238955055,0
-281,1.3881832288396416,0
-278,0.7894510989971262,0
-276,2.2185402777686942,0
-275,4.492921483799696,0
-272,0.06597545870613086,0
-269,8.515408626859372,0
-268,4.972336682461838,0
-264,2.064813890549381,0
-263,0.9891578268796638,0
-262,0.4058507647831,0
-261,-0.5703111323052399,0
-258,2.340158128820839,0
-251,0.4958261340163841,0
-250,1.2285786442336963,0
-245,1.6341131944322398,0
-243,0.23746570762672958,0
-241,-1.9465071742775786,0
-239,4.484187600080182,0
-238,0.9168255733591696,0
-235,0.9795601979631751,0
-230,0.27892649298750727,0
-229,1.4859081936289267,0
-221,0.4397878096685981,0
-220,0.6032438628078141,0
-218,-0.7510978041987866,0
-216,3.2585089141285914,0
-214,0.07246382337521085,0
-211,-0.9137316978240917,0
-203,0.5636618501373822,0
-199,3.2935721180576785,0
-196,2.3866952410213176,0
-194,0.741687883158066,0
-191,1.7056549303112716,0
-190,0.18782815465589053,0
-189,-0.8788731557515783,0
-187,0.728735909926044,0
-185,0.40317894170280344,0
-172,2.1841582256245986,0
-141,0.44508540556635756,0
-139,4.319551448050895,0
-133,0.6998369245744134,0
-130,1.6528169173782032,0
-109,2.638326071881427,0
-104,0.9797544529233231,0
-79,-2.0690112219690473,0
-73,0.3458521629536585,0
-71,1.7946879578229524,0
-55,-2.225737246272273,0
-35,0.21000687253887929,0
-34,1.360964155957454,0
-33,2.211502565832098,0
-31,0.23305914123938065,0
-28,2.6726740989238404,0
-26,3.337881713564337,0
-25,-1.1518139164660224,0
-23,3.445095443487231,0
-22,8.531992000949497,0
-21,3.8743227133128544,0
-20,5.42596300641012,0
-19,9.4658999524736,0
-18,6.229195839747325,0
-17,20.694025805781674,0
-16,6.352413350051293,0
-15,5.411812822256802,0
-14,5.505922169902161,0
-13,6.7539576935823735,0
-12,8.35711983579052,0
-11,8.746387684271001,0
-10,9.036883112712683,0
-9,3.958494839905783,0
-8,6.488431752659562,0
-7,9.051802990512584,0
-6,11.754209767424818,0
-5,12.287069258424772,0
-4,6.357429738765588,0
-3,9.142889958514084,0
-2,6.970074596990183,0
-1,7.352279774507514,0
0,73.88364608503997,0
1,145.02228739625005,0
2,323.64150904606277,0
3,469.5244513776511,0
4,608.4080791521895,0
5,640.1402103225704,0
6,507.47600965571456,0
7,1376.406701420427,0
8,310.15994423700965,0
9,1285.4316451514028,0
10,576.2436548657274,0
11,694.340300304734,0
12,531.2609076281706,0
13,465.824615255535,0
14,1061.4111529938004,0
15,1011.918338573309,0
16,3750.8388883781977,0
17,844.5226431151863,0
18,1383.3356393659574,0
19,2803.5022535997173,0
20,1918.111954850831,0
21,574.5561635406654,0
22,820.5456902070604,0
23,1434.8375796928383,0
24,1132.171902955093,0
25,2360.0253837740875,0
26,2727.7271483692252,0
27,923.3679385242015,0
28,1054.0259714805695,0
29,2379.9568219995276,0
30,23726.342687319142,0
31,3420.1126911547713,0
32,5953.835531418376,0
33,837.3667375846612,0
34,640.2168992811239,0
35,1201.5445710809809,0
36,516.8879793847399,0
37,1642.137347445319,0
38,1377.9815808109788,0
39,1903.5976485314197,0
40,2836.4909765759103,0
41,492.2662170413954,0
42,1754.2307183426437,0
43,713.6277957255633,0
44,1872.189503023274,0
45,1688.0497598260024,0
46,2984.125526373558,0
47,1593.0318745616617,0
48,423.73778297350026,0
49,740.4782864266302,0
50,1553.0946125796345,0
51,1937.9653744796774,0
52,2166.2793823149823,0
53,2860.124797583344,0
54,1246.2002936402282,0
55,545.9381429626543,0
56,883.5344660919795,0
57,1883.091793258787,0
58,2551.6979954980156,0
59,1513.828579579842,0
60,4803.779122044057,0
61,1763.5659335258044,0
62,541.1215239950166,0
63,745.8940399539692,0
64,582.7341601605553,0
65,1910.7882737114523,0
66,5766.288423084196,0
67,1296.4329358702926,0
68,657.1894500097773,0
69,1327.6634637100267,0
70,723.3072938014087,0
71,811.328342254199,0
72,1001.24559620892,0
73,18576.094304730766,0
74,4812.12919133673,0
75,5214.678543378242,0
76,746.9775440548973,0
77,1808.5870521277286,0
78,3790.453204098855,0
79,1334.1483774773621,0
80,932.8397156198183,0
81,806.8644472012159,0
82,1119.5353704874053,0
83,316.20461442312467,0
84,575.9453663238575,0
85,11622.683939091301,0
86,4236.380186115084,0
87,1047.5960175208559,0
88,4343.784116146471,0
89,11458.297716467705,0
90,9402.652897329543,0
91,9416.625980331766,0
92,10752.493356469491,0
93,3838.3857547360394,0
94,817.5742093906787,0
95,871.8311481398807,0
96,2299.839562245047,0
97,1812.1371903709114,0
98,418.5661281594423,0
99,1245.522046600881,0
100,13454.587330573575,0
101,2140.308045935541,0
102,2772.602597504805,0
103,1471.5966699732962,0
104,6258.35405113582,0
105,3723.00806472169,0
106,998.8563853804326,0
107,1439.038779306596,0
108,2779.843129359528,0
109,1584.7145139488168,0
110,1275.808045688687,0
111,1350.3594797524224,0
112,2666.0346693769816,0
113,4151.381375211032,0
114,1104.300967369475,0
115,1116.1713757355958,0
116,3418.8135751445434,0
117,1074.6389238543195,0
118,869.7775402617887,0
119,1688.5374335040517,0
120,1863.8291161871573,0
121,1971.0278299857607,0
122,1774.9502473132131,0
123,6848.054409346848,0
124,1008.4336750466529,0
125,944.2140561932069,0
126,734.7961059569267,0
127,476.8884359372333,0
128,2681.216154560843,0
129,1319.9591985786094,0
130,1305.8156812163004,0
131,4304.100229674983,0
132,1072.0624052516437,0
133,1913.4196618674528,0
134,887.13253374498,0
135,3219.7845208966846,0
136,3094.9974931640013,0
137,1510.7891786125288,0
138,1247.8690251391497,0
139,657.1064717236981,0
140,1436.7316233168654,0
141,829.6014365491058,0
142,4363.965910253957,0
143,874.0229784691179,0
144,1846.4165476566584,0
145,2640.1809394777056,0
146,749.347162508461,0
147,870.7357298009032,0
148,974.1245621452622,0
149,11351.609783171752,0
150,2444.0124219756553,0
151,2168.3824956552876,0
152,5486.146586178641,0
153,5693.317045532809,0
154,353.28911410316005,0
155,1067.9509422554256,0
156,2648.2919748425575,0
157,929.8902197373868,0
158,5783.607829273554,0
159,2981.8258900204796,0
160,432.7724321858662,0
161,1287.10358982388,0
162,657.6546112620626,0
163,1215.6830346240909,0
164,864.8407053330036,0
165,574.6213449412586,0
166,2874.752605452639,0
167,1190.63514780846,0
168,442.3427939407019,0
169,833.7560935520712,0
170,505.8082342996261,0
171,4871.568058978959,0
172,869.818038976749,0
173,2666.8566158232607,0
174,1740.8726511673572,0
175,3724.0894118987435,0
176,2373.9487414151376,0
177,1651.9805960827132,0
178,1128.0641770283953,0
179,2706.7834140713508,0
180,5711.52400251267,0
181,1012.9227766799949,0
182,492.7298795305549,0
183,5601.710974010869,0
184,18565.346090161947,0
185,1753.6549649524184,0
186,1088.0416609571007,0
187,431.94315282256974,0
188,477.82822312817456,0
189,1434.0405022559105,0
190,10712.044373864317,0
191,1874.2036061679405,0
192,1109.3655870746056,0
193,706.9129734886797,0
194,2609.037869760334,0
195,553.7917844732422,0
196,617.9879604216763,0
197,390.7525311030969,0
198,2049.2579500744137,0
199,2096.65152499832,0
200,1718.5385253880265,0
201,1551.1928076598845,0
202,794.8897625301224,0
203,404.29198598396863,0
204,519.2309152532928,0
205,771.4518218480505,0
206,1208.7679391902182,0
207,4045.8910028525256,0
208,12364.057613832214,0
209,1790.3829352917678,0
210,1193.0519930659666,0
211,4077.584260684469,0
212,921.5441241911097,0
213,3856.35121194286,0
214,12362.03559162839,0
215,716.6772970166287,0
216,909.2899547212994,0
217,605.0111469632432,0
218,294.6982967947017,0
219,819.5516405699093,1
220,4540.36474054628,1
221,877.9926708090119,1
222,488.88797619341744,1
223,1755.5836190073403,1
224,385.0644400032607,1
225,586.7346352637993,1
226,1472.7934659278692,1
227,799.1957018603529,1
228,732.4277599326252,1
229,634.0828516274761,1
230,3810.1574842627774,1
231,298.22901681176296,1
232,346.20846656445593,1
233,726.3726213052363,1
234,806.370307297755,1
235,2529.7348263171107,1
236,1655.9864050483402,1
237,1637.323001394294,1
238,402.5498135563924,1
239,777.0994763895483,1
240,1067.223872397636,1
241,3157.497192294654,1
242,702.741087535145,1
243,1066.5377005148002,1
244,811.0064587306247,1
245,1622.5478732929082,0
246,813.8116631229021,0
247,416.7690917072764,0
248,865.209594116167,0
249,4183.310881678984,2
250,563.6014034521604,2
251,1263.4850782065175,2
252,132.21052926837,2
253,236.64310982213442,2
254,489.42818064329157,2
255,842.0557101491484,0
256,867.809175178578,0
257,563.0020910361334,0
258,1090.5640902324003,0
259,122.82207935445527,0
260,584.111972621557,0
261,354.915550881727,0
262,1506.8038844719574,0
263,388.014591646523,0
264,3995.9044042125984,0
265,1319.9820853232554,0
266,143.87050834171765,0
267,198.469057941677,0
268,1128.5020072669076,0
269,4434.1874063363175,0
270,957.778960161192,0
271,358.79129055978694,0
272,1707.6637564028586,0
273,190.03601940455655,0
274,4400.632646336956,0
275,1281.0268893724979,0
276,1350.0522011972514,0
277,374.9096768114395,0
278,344.6774185635348,0
279,2256.3339309893436,2
280,1046.997496864509,2
281,887.4730888958585,2
282,2606.9690465942044,2
283,2613.5401087462424,2
284,2888.6614792629134,2
285,766.8984574793707,2
286,1264.3136560924358,2
287,285.66883147016347,0
288,204.71883762312916,0
289,405.7385604260605,0
290,352.53563882283566,0
291,687.5438144840375,0
292,374.8665162907297,0
293,811.1716434457489,0
294,986.9699904937578,0
295,298.0943042990214,0
296,613.757391218973,0
297,1793.7716838901447,0
298,1913.851584056009,0
299,1529.7240571291154,0
300,1604.7214572363253,0
301,226.08137935080615,0
302,248.218174656932,0
303,1749.3388542971936,0
304,1044.2386502970835,0
305,3496.546335771955,0
306,2634.305389789734,0
307,549.5111189922618,0
308,119.99298066942225,0
309,136.17536981471343,0
310,430.40109914581427,0
311,1796.5661246234124,0
312,2359.979415010403,0
313,579.1955635293473,0
314,1258.3013345306322,0
315,198.22479566168985,0
316,454.5368047541779,0
317,382.30489763633204,0
318,893.7779551825262,0
319,2263.8451226670895,0
320,3196.9630265316223,0
321,1459.4291356373626,0
322,2187.346801934851,0
323,261.5491222701883,0
324,5325.764947641531,0
325,6726.796890953128,0
326,4775.861474289777,0
327,1028.8923609888707,0
328,2266.0270174655498,0
329,423.4932653365929,0
330,13293.886475732841,0
331,311.9004869760392,0
332,468.5288647324934,0
333,6996.672730138161,0
334,526.7062988150817,0
335,2590.9444120029953,0
336,860.7405814483135,0
337,752.2106679875518,0
338,320.6915643201925,0
339,15820.180833348837,0
340,688.621144685967,0
341,725.0556496682323,0
342,380.1276859603832,2
343,723.6845696963828,2
344,110.70920353799389,2
345,4124.6902751262305,2
346,545.9203951392955,2
347,365.79997821385655,2
348,31923.374696210703,2
349,14272.929639512839,2
350,244.9087071232535,0
351,89.78807344684115,0
352,303.0883881276097,0
353,2968.9659889777154,0
354,45252.86823795285,0
355,2395.01718565631,0
356,4094.1029082774753,0
357,1107.2440663260709,0
358,115.75111076216466,0
359,478.8781909216493,0
360,1130.386800756541,0
361,1585.3505371870492,0
362,7937.029087079187,0
363,5507.368388893211,0
364,11510.17694469345,0
365,42586.310271493574,0
366,23017.01920679,0
367,282.636519970795,0
368,71.46075036646907,0
369,54.208967914681956,0
370,345.88638499749294,0
371,1309.1125303616175,0
372,64.53704426663032,0
373,83.90779534588077,0
374,90.32304662343722,0
375,115.40816617906212,0
376,66.73275668840546,0
377,71.56109993035588,0
378,51.12333935388486,0
379,145.43979396159833,0
380,899.2776581333192,0
381,105.26609346961989,0
382,45.67104634245286,0
383,138.4531107911239,0
384,103.70530416886456,0
385,441.0892459229945,0
386,92.07783328510313,0
387,419.8261741407846,0
388,181.95604775691737,0
389,40.587262280905875,0
390,65.27656598465803,0
391,73.65880152817282,0
392,60.098511150569905,0
393,219.83801690732398,0
394,208.01110054354672,0
395,169.34443560584876,0
396,989.6144490213505,0
397,60.80277963159262,0
398,112.35296817274889,0
399,90.00046896166789,0
400,43.72659149677138,0
401,43.834342196370244,0
402,45.66740233261574,0
403,41.801739382799354,0
404,4324.302328263656,0
405,71.25012977039081,0
406,50.75783108098342,0
407,56.54907357368253,0
408,45.49534466157821,0
409,51.41694617632792,0
410,54.01089021858111,0
411,43.46535566059693,0
412,31.627142856804156,0
413,272.54572887062056,0
414,111.27912233941555,0
415,83.4611762010213,0
416,45.742513305278365,0
417,74.9377281703263,0
418,48.81436991763154,0
419,46.694785082866034,0
420,53.22575531726308,0
421,57.544159977455415,0
422,44.40399430344444,0
423,527.9883153396427,0
424,49.266128548275304,0
425,254.63394902180525,0
426,60.30953977846411,0
427,57.79458104870648,0
428,61.8497846996908,0
429,89.2164469500808,0
430,68.86520509621859,0
431,89.12578283022667,0
432,64.10471012201438,0
433,164.95307802543573,0
434,46.44823761096357,0
435,63.48428080867683,0
436,46.576223927372766,0
437,98.08238159455577,0
438,343.2113551383431,0
439,150.97353184002083,0
440,50.57378948763752,0
441,55.52222140039247,0
442,60.708855531185,0
443,237.9041892254264,0
444,67.22509025181594,0
445,24.893308824800048,0
446,43.073883950421056,0
447,36.536038405187554,0
448,40.25070833433996,0
449,38.27132029571034,0
450,105.62517158343934,0
451,33.786978074609415,0
452,36.880119398871145,0
453,36.285702376329546,0
454,79.12940682318299,0
455,36.78949799032695,0
456,413.66028263106006,0
457,82.90860981865009,0
458,58.1845976495063,0
459,33.752015090102226,0
460,43.07676772478802,0
461,25.347451309866404,0
462,375.61850313485735,0
463,48.13046258513585,0
464,32.35645923921349,0
465,65.81391370751662,0
466,42.34057273071218,0
467,171.99881566450765,0
468,104.68424602490404,0
469,51.133195418072134,0
470,196.99708818741234,0
471,55.97543956286333,0
472,111.51612079393267,0
473,25.80028233634067,0
474,18.194634973915853,0
475,45.05466875897893,0
476,45.49878865945065,0
477,128.98045257858857,0
478,36.845160321315504,0
479,54.31824775836229,0
480,43.649282610869804,0
481,38.769891392511695,0
482,42.77210542051618,0
483,28.217290317216367,0
484,54.69984872230563,0
485,1352.314143485589,0
486,83.428510144144,0
487,29.059937498168573,0
488,753.0534444828393,0
489,86.0474418214846,0
490,19.93959791119668,0
491,28.89101575191591,0
492,27.015402022679723,0
493,292.2926102896458,0
494,925.8808285794347,0
495,32.08971912777816,0
496,36.7030087935672,0
497,36.91824536701299,0
498,23.130010860781862,0
499,171.71239621380687,0
500,52.675868574670886,0
501,59.902074663676814,0
502,23.414303514048978,0
503,26.054827427875875,0
504,21.675958311826733,0
505,28.840957445572556,0
506,46.885874897501104,0
507,36.445648929733885,0
508,19.59965033447653,0
509,26.602499915630787,0
510,38.071300798491926,0
511,32.398938903889686,0
512,44.33230558526215,0
513,33.053344493933565,0
514,73.38759794410787,0
515,28.786444320082854,0
516,66.82673204277428,0
517,98.31227553143609,0
518,34.33784454249414,0
519,138.61632776215177,0
520,42.05862656975669,0
521,246.2511975972072,0
522,18.266711426688225,0
523,29.692062020772333,0
524,41.249538107443385,0
525,22.198135285061817,0
526,27.57377945646722,0
527,46.01229780537796,0
528,36.04045323022649,0
529,29.43002173287253,0
530,29.097531174202427,0
531,79.60480603471946,0
532,30.187400105252333,0
533,26.045201821081378,0
534,45.86572089136964,0
535,47.50144970098913,0
536,26.52271925938255,0
537,30.030804881540554,0
538,45.760061836570884,0
539,37.16740677306062,0
540,39.13394467222226,0
541,40.79618909202977,0
542,30.841934382124496,0
543,38.789730859917235,0
544,24.738792138643042,0
545,27.42078844522999,0
546,50.217837708794015,0
547,30.38442868365152,0
548,147.74481011546925,0
549,31.28540498121462,0
550,29.27535529095317,0
551,22.591616321128477,0
552,33.705084740922324,0
553,29.714710215709303,0
554,25.93314762933589,0
555,33.72903386391647,0
556,48.847663157423874,0
557,19.940129015678046,0
558,29.29522834687505,0
559,33.672675736995814,0
560,24.852694765605765,0
561,21.80226956799256,0
562,13.868260938108321,0
563,29.613405025257013,0
564,13.190903138275003,0
565,10.257111456509891,0
566,29.551746040182465,0
567,24.80935013589863,0
568,33.497977426189685,0
569,20.303634257213254,0
570,24.27242574733541,0
571,28.252033047829872,0
572,24.224534273318117,0
573,32.39456465780839,0
574,30.80730984357845,0
575,42.33399366262339,0
576,51.1044040957304,0
577,43.79660505570887,0
578,36.88102991034071,0
579,44.978683356867386,0
580,61.40024356666395,0
581,37.99269183127037,0
582,41.7533040409305,0
583,16.2055303031729,0
584,38.274406209489904,0
585,16.866832949410703,0
586,17.66184303896805,0
587,24.88025223202669,0
588,19.86539997144195,0
589,20.36163863819723,0
590,28.05639104756985,0
591,27.422838493004495,0
592,12.113062644507853,0
593,24.037042082307742,0
594,24.956212724590298,0
595,25.60020885339952,0
596,35.82434480136493,0
597,17.913605667684863,0
598,37.28507996413225,0
599,268.4013530965787,0
600,18.567412789749795,0
601,38.938723202711074,0
602,23.488527809324307,0
603,24.44712651415286,0
604,33.88809386640986,0
605,83.03251833838183,0
606,31.06893473853838,0
607,105.75570300853295,0
608,27.20325346525796,0
609,49.75139771379459,0
610,38.92175316248416,0
611,22.85616233612344,0
612,34.28534841884894,0
613,25.074663352202876,0
614,21.27326796474256,0
615,32.45054621868033,0
616,30.846846703853494,0
617,29.487983019866892,0
618,27.49538169561772,0
619,36.16630070051233,0
620,31.782007877923512,0
621,47.097790093773696,0
622,93.69754872232903,0
623,28.238343018174525,0
624,22.407471590320625,0
625,146.8861529653974,0
626,29.814062582701336,0
627,47.26407577592084,0
628,25.23770001193825,0
629,38.54374176404306,0
630,25.61397937016472,0
631,30.214793254611454,0
632,21.83985693855333,0
633,41.18725929546885,0
634,24.36233667414311,0
635,20.888656460985377,0
636,23.922089166748055,0
637,244.94597139054426,0
638,52.76850549249767,0
639,85.30748647087115,0
640,120.48685931202957,0
641,31.95385457117236,0
642,41.079998241124024,0
643,94.2787729506718,0
644,37.0175599996081,0
645,38.06960807453808,0
646,33.88381579115316,0
647,35.65849572984482,0
648,11.37081526666328,0
649,18.657661450235167,0
650,27.033883956520267,0
651,29.23055777977373,0
652,23.544341171443495,0
653,17.508034492553108,0
654,83.89679051906006,0
655,34.78850386854864,0
656,18.273694780530768,0
657,20.545442900106146,0
658,28.63178716925629,0
659,34.33634449901972,0
660,17.64972264331984,0
661,78.12848263287637,0
662,23.609287742146005,0
663,18.656435878957602,0
664,34.809206047036696,0
665,33.14059799700729,0
666,35.267663740258335,0
667,22.351054160491188,0
668,43.47714311592978,0
669,30.30443548991226,0
670,26.76696193785841,0
671,26.568474571485414,0
672,34.477643907356374,0
673,28.176009514959524,0
674,13.121126683484272,0
675,23.657978058587503,0
676,15.979501109303719,0
677,22.45223969921206,0
678,86.20512835673797,0
679,15.177636638804186,0
680,25.48985964113933,0
681,30.11759688727969,0
682,35.36833238328026,0
683,21.70158499518668,0
684,18.88510058759028,0
685,19.6052774323028,0
686,28.95596209551568,0
687,58.000123345233085,0
688,52.3451605382424,0
689,40.73350211157731,0
690,11.020106737310094,0
691,22.097386648964466,0
692,3730.241987966216,0
693,17.88171153217473,0
694,24.454564967997346,0
695,701.4562772124195,0
696,39.826177724981946,0
697,27.694178429136855,0
698,30.079227904366004,0
699,40.28939967558237,0
700,222.02951942209845,0
701,41.65187815265765,0
702,57.66714021145469,0
703,28.137824283894037,0
704,10.371670745501914,0
705,14.944695228003205,0
706,22.320749081262083,0
707,17.37820714174486,0
708,28.501727654955,0
709,15.434580218681285,0
710,26.83718369749364,0
711,13.511726568192836,0
712,38.47063594554245,0
713,15.692053082338289,0
714,26.264664017654525,0
715,21.03854772820287,0
716,27.092594556660423,0
717,26.660612464690377,0
718,7.932033532737121,0
719,11.127562562606053,0
720,23.974749878511304,0
721,19.138569502684526,0
722,31.91402558665584,0
723,37.26641135957816,0
724,43.66205933684922,0
725,13.11508730253545,0
726,28.85801497993057,0
727,32.26259190966688,0
728,93.82744601510855,0
729,193.54478550741618,0
730,36.995439456095085,0
731,2642.381084383361,0
732,3.8011959520133676,0
733,15.024936475977267,0
734,9.588942604411455,0
735,15.272592297296505,0
736,21.343343061646657,0
737,14.01052984892587,0
738,11.433311559081158,0
739,13.198904964285141,0
740,10.678868630631003,0
741,9.407417484768889,0
742,27.594489437388283,0
743,27.26980120089946,0
744,23.28083648115605,0
745,51.43865522851555,0
746,85.5075200417407,0
747,526.4303891640527,0
748,19.5652797954738,0
749,11.0883326215091,0
750,60.56008962819195,0
751,16.2108850857153,0
752,18.85468166288468,0
753,4.27922672717272,0
754,7.33201537874058,0
755,8.034437465420394,0
756,16.90888328786891,0
757,20.94653682462333,0
758,22.413590391686174,0
759,36.709620785159444,0
760,5.616392623010517,0
761,9.408283367359289,0
762,17.187998527910505,0
763,25.077536688007,0
764,12.758300440817294,0
765,15.710892220024165,0
766,15.106216786720658,0
767,5.7873565515416185,0
768,5.530385957519361,0
769,15.918449251647147,0
770,8.89770135695939,0
771,23.32098836803407,0
772,18.493614925166103,0
773,13.867735898878419,0
774,5.571240699269877,0
775,72.63649120069529,0
776,14.510996200402317,0
777,9.957143048844552,0
778,200.67439378996391,0
779,21.67431226044358,0
780,17.675150282314224,0
781,4.960936417493589,0
782,5.301759087327501,0
783,21.775748929669618,0
784,13.804076852612395,0
785,15.106742806918701,0
786,21.08620337266604,0
787,20.679230927731933,0
788,8.043538559232854,0
789,23.07219479836173,0
790,6.687045955579068,0
791,11.645574700680688,0
792,13.3167131588257,0
793,12.059234702601643,0
794,19.83396605507126,0
795,5.1282582623830955,0
796,1.2298247485169518,0
797,11.144701373990786,0
798,7.322690221555455,0
799,3.2473701092989278,0
800,16.798065293947197,0
801,14.914656734588261,0
802,5.826114380239397,0
803,7.663576468927092,0
804,14.853342450497642,0
805,43.75114128199949,0
806,15.794274715180403,0
807,6.304081024498001,0
808,21.55916710672997,0
809,3.0207515185972755,0
810,6.318988464767855,0
811,24.44185710201749,0
812,21.172757030643837,0
813,19.927627074561805,0
814,19.968487552982747,0
815,23.51994741236773,0
816,4.802309659994407,0
817,5.72606414829306,0
818,116.86442433286554,0
819,24.591583605045464,0
820,1018.2779427187301,0
821,30.4985270811152,0
822,24.238970556243125,0
823,5.5690496183492915,0
824,7.052850768958254,0
825,15.353038396247308,0
826,8.831821416326772,0
827,7.496474342925117,0
828,17.977353714627643,0
829,18.501450417532663,0
830,17.3992682587802,0
831,87.4945255776018,0
832,81.60524682356068,0
833,96.27777911275774,0
834,158.24678828466892,0
835,408.37774748013305,0
836,3062.9495606140526,0
837,3.325955230041986,0
838,5.5084237713585935,0
839,5.5668720628740935,0
840,3.0462967905527534,0
841,0.5198432981019931,0
842,2.5697359585732826,0
843,2.7246934474622333,0
844,0.6703159715079927,0
845,1.7002012872437038,0
846,2.7879407682004,0
847,2.4487181607770125,0
848,-1.807903162139124,0
850,7.072240101475456,0
851,6.635547666493211,0
853,4.02161503277374,0
854,2.370519314449593,0
855,-0.21935331927195012,0
856,9.183619210814506,0
857,3.119406283799558,0
858,3.4180525912824384,0
859,4.515193725332905,0
860,0.7668152127821053,0
861,3.234856421288005,0
862,15.68633096091638,0
863,4.500129548520773,0
864,2.8218960326510256,0
865,5.2447295595351635,0
866,0.9467486013205625,0
867,0.9505114189498383,0
868,6.881249594324972,0
869,7.933716416064028,0
870,2.6797815737618103,0
871,2.8327019922492434,0
872,2.6059399790797366,0
873,1.594544373084544,0
875,3.2451171662852176,0
876,3.7867045079472375,0
877,0.05811583834638823,0
878,1.2318970920812649,0
879,2.4829303884183354,0
880,0.7142150973545733,0
881,3.2232202249647783,0
882,2.4721888072384104,0
883,1.8845082627030763,0
884,1.311264549454446,0
885,3.9856492090597877,0
886,2.3306884460992405,0
887,8.486310293060175,0
888,7.577445119829742,0
889,4.079374143342715,0
890,1.7442126353276837,0
891,1.4523741489909863,0
893,6.250193409525012,0
894,0.7994014506357905,0
895,3.378733223310646,0
896,0.1106092105467038,0
897,5.045843753224857,0
898,0.3424388369690192,0
899,-0.28575923866652353,0
900,2.615684988727536,0
901,-3.9385705345602604,0
902,2.6130137729064953,0
903,2.1076858371094587,0
904,1.8731372073509691,0
905,3.0864064473090185,0
908,2.632411203216043,0
909,-2.0864855318560283,0
910,5.244432502996211,0
912,3.1398123938880027,0
913,2.1786424807007725,0
914,2.8884293654543045,0
915,4.640583187201199,0
916,6.234690658874064,0
917,1.8310215740943634,0
918,5.603594835767468,0
919,0.5739345386753978,0
920,0.9793308833886738,0
921,0.8316978409048381,0
922,3.854454698191291,0
923,4.1637924347226924,0
924,1.8479494847583064,0
925,5.475777397878465,0
927,-0.6096203860389444,0
928,4.8592897534276585,0
929,1.3378339667397823,0
931,4.771676926739138,0
932,2.189806863352565,0
933,2.0978760318023317,0
934,6.552325927405144,0
935,4.258606707644218,0
936,-0.6589336571022923,0
937,1.2000996779482258,0
938,0.4379209552715213,0
939,3.035700984979246,0
940,-0.5610090474847971,0
942,0.8000013538970154,0
943,2.081483146783592,0
944,4.288503336181272,0
945,7.073612739895492,0
946,6.027374072251317,0
947,2.8666764910117886,0
948,1.9001718367995113,0
949,1.748464683639067,0
950,-0.3481782586805602,0
951,4.006820419009072,0
952,1.2862822893613863,0
953,1.9366398940868121,0
954,0.7010051403046875,0
955,0.9972695327274674,0
956,2.977645309748717,0
957,2.8975068863312976,0
958,7.668670375172535,0
959,2.922522230262363,0
960,0.4477084306326409,0
961,-1.4462777263619229,0
962,4.1315635628111185,0
963,58.03995490786195,0
964,2.3185057785605903,0
965,2.2618438532078717,0
966,4.666656288066442,0
967,2.3082961012749994,0
968,2.4980195854129437,0
969,1.9620268912612964,0
970,2.001216098255834,0
971,1.1497045937303263,0
972,5.765848945274747,0
973,1.43854219417962,0
975,5.614161856180165,0
976,1.5520107797183296,0
977,4.964402404272436,0
978,0.7367527829783427,0
982,1.275315457728024,0
983,2.885138119716581,0
984,1.7666672409207127,0
985,6.41779371273206,0
986,3.0196104329334954,0
987,2.568726688043504,0
988,3.517295907023437,0
989,2.50894582696698,0
990,0.5992590084256251,0
991,2.6033051730934336,0
992,24.30344907598498,0
993,5.550952315559392,0
994,4.372813693445887,0
995,1.0255623123987712,0
996,-0.9471210332250817,0
997,4.865225780315655,0
998,-0.16687015393413196,0
999,7.495776972828206,0
1000,2.237240971932769,0
1001,4.800618760685203,0
1002,0.37964193425999726,0
1003,0.7802888094830049,0
1004,2.2629245272174563,0
1005,0.49327722061269696,0
1006,7.314265497039166,0
1007,6.3392995623156105,0
1008,3.2612694507345092,0
1009,0.38251551605817635,0
1010,-0.1909245744667789,0
1011,1.914310639462286,0
1012,3.84805738217771,0
1013,2.3677833450902392,0
1014,3.272907968014435,0
1015,2.4626430483502304,0
1016,1.453498326130216,0
1017,3.1399059893089145,0
1018,1.4940085095306204,0
1020,1.8683005857933417,0
1023,2.977943664779977,0
1024,4.023531636235657,0
1026,5.707990640457016,0
1027,1.14532425253387,0
1028,2.8347993851477815,0
1029,2.5673040816155326,0
1030,2.8938209729949422,0
1033,1.116588113754153,0
1035,5.288487700624409,0
1036,1.1438362281697052,0
1037,3.5857886603483964,0
1038,0.18575607910617953,0
1039,1.6603853889782538,0
1041,2.353700546304764,0
1042,1.6539077058165295,0
1044,-1.09104054989597,0
1045,-0.33573473899499606,0
1046,4.0295626995613185,0
1049,1.4957993839554318,0
1050,0.022955142463685574,0
1051,2.371601202762107,0
1052,3.1020796093130203,0
1053,3.0077207783902438,0
1054,4.319449374013454,0
1056,2.7310693177391934,0
1057,3.284713175332693,0
1058,1.758675238279931,0
1059,1.926808944644979,0
1062,2.109172477416853,0
1064,1.426296918319022,0
1065,2.621810795073171,0
1066,3.0437869329382092,0
1067,2.3754383653864957,0
1068,2.087289807903831,0
1069,4.095907628851412,0
1070,1.4419274220849232,0
1071,2.897348415776905,0
1072,3.2546969659231495,0
1073,2.5849355626185533,0
1074,35.02405955783437,1
1075,1.608707903679055,1
1077,1.5856171150985097,1
1078,0.4948838702028251,1
1079,4.714803425149934,1
1080,1.7811902949915073,1
1081,-0.013834478342292122,1
1083,1.8549627579839392,1
1084,3.6067546028850535,1
1088,2.8849351884281327,1
1089,-0.09206863236536944,1
1090,-0.028704732412808465,1
1091,2.7123944305645873,1
1092,49.73735909174016,1
1093,5.952720590209301,1
1094,5.051627894961191,1
1095,21.694811509235727,1
1096,62.31562286695775,1
1097,170.83762520541507,1
1098,1.9784120331310326,1
1100,4.2332287689736345,1
1101,3.96028600096333,1
1103,2.4602840158588295,1
1104,5.024728687583448,1
1105,809.1876805579075,1
1106,404.68247058047217,1
1107,2.8032799976119707,1
1109,2.523712122240708,1
1110,0.05681466988828032,1
1112,4.880859415006825,1
1113,1.1816363926711428,1
1114,4.874804169250207,1
1115,1.7077529082789091,1
1118,1.4015094043580985,1
1119,2.4989233526080756,1
1120,-0.1485433621413721,1
1121,10.91229374261116,1
1122,4.981689585705419,1
1123,1.30103226503127,1
1124,6.222637002392715,1
1125,5.6874850784273985,1
1126,1.7938339020325453,1
1127,4.022571745697787,1
1128,0.1671166502816066,1
1130,2.1049537925624726,1
1132,3.428278565624821,1
1133,3.9108882195505528,1
1134,0.2840015992502113,1
1136,-0.01224712856293575,1
1137,3.1659361929903342,1
1138,-2.77217997330759,1
1140,0.6903687785544647,1
1142,2.321496117986122,1
1143,-0.4511087568481742,1
1144,2.647331475501519,1
1146,1.9734068415103883,1
1148,3.245654539728778,1
1150,2.4592360301010032,1
1151,1.5510497281043079,1
1152,5.382903418704787,1
1155,0.2138627102396966,1
1156,5.344347039941261,1
1158,1.9421134930224602,1
1162,2.1800178238033587,1
1163,0.23272705669293559,1
1165,1.6487343045935956,1
1168,1.863038254824205,1
1169,-0.6248414209067323,1
1170,-5.276774281973733,1
1171,0.6680476795030483,1
1174,3.9997108002529584,1
1176,2.2394444803240248,1
1177,1.5241497383785918,1
1180,1.338655690082837,1
1182,3.6665931543467396,1
1183,4.192552273869211,1
1184,0.36110157429994605,1
1186,1.0195893750836882,1
1188,1.9107854796764088,1
1189,1.105098853137683,1
1191,1.5108481449627669,1
1192,0.8364612804878799,1
1193,3.334071616766651,1
1194,1.527090284065429,1
1198,3.179928515135196,1
1200,1.6707451228484862,1
1207,2.342864734827094,1
1212,2.9774531629269183,1
1213,2.750852592774745,1
1214,0.5483254192148692,1
1215,0.9088902367565098,1
1217,1.3232357109362232,1
1218,0.19367899431855995,1
1219,0.1714349719149867,1
1220,2.259075692214419,1
1221,2.6749807039579405,1
1222,0.9011489800282083,1
1225,2.9498301009987493,1
1226,1.2683465976246524,1
1229,3.3473689393172643,1
1230,1.3919144888777017,1
1231,-0.14043816363628014,1
1234,25.704564359124095,1
1235,0.4285241856921177,1
1238,-0.47861054902404887,1
1240,3.2492567217849446,1
1241,2.6570800253796243,1
1243,1.5020134728412617,1
1250,1.0121786936148705,1
1254,1.2512488936518213,1
1255,1.4792878218001089,1
1257,0.5353995488680217,1
1259,0.854256564131276,1
1260,1.3475663157700144,1
1262,1.7603033568676474,1
1263,0.5621501210123281,1
1268,3.637021856796217,1
1270,1.2155890335845818,1
1271,2.035274518841037,1
1277,2.9225208924185098,1
1278,0.9916766586015475,1
1285,1.8908345914537223,1
1286,3.113461237263694,1
1288,1.2040030778351232,1
1289,2.0410640502195774,1
1292,1.4718342613317335,1
1296,-0.21012872954096973,1
1301,1.993335454062651,1
1303,1.7277047845851266,1
1304,2.5737622112387846,1
1305,1.2323576472595397,1
1306,-2.793682842976609,1
1307,-0.12602259871822263,1
1308,1.1900907042881774,1
1310,1.1247639793921045,1
1314,0.3993982258775557,1
1318,1.1470826107885386,1
1319,0.1527558250832084,1
1320,1.006251330785302,1
1322,-0.9782809725853476,1
1323,-1.2043340611010573,1
1325,1.6820475110234354,1
1327,2.493786946944226,1
1328,0.09733102206356359,1
1330,0.6641905548348719,1
1331,-1.799624051880098,1
1332,0.24475286561041243,1
1333,3.0725978400886076,1
1337,0.7305940041221395,1
1339,1.3617307036997908,1
1340,2.8150931209502565,1
1341,78.92972025325419,1
1344,-0.24542744481291612,1
1347,2.4926265244282146,1
1350,0.9523092717177752,1
1351,2.510377877802774,1
1352,2.785642961021097,1
1353,-0.5534491143548992,1
1354,2.2888343733411713,1
1357,1.3369670333892485,1
1358,3.520829165234831,1
1359,3.516121878698959,1
1360,3.654712448058543,1
1361,4.350673898229545,1
1362,-2.4745915875243556,1
1366,0.8910901727167162,1
1368,0.8511474961769373,1
1369,1.5534468982453618,1
1371,1.7134899252590032,1
1372,0.5850430490946813,1
1374,-1.4354751950324114,1
1375,0.9637320279353758,1
1380,0.2556705424221788,1
1381,-0.5769170448472771,1
1382,1.1368251370905034,1
1383,2.152268329997047,1
1386,3.0570363259897744,1
1388,4.207930368726042,1
1392,1.0912599323422159,1
1393,3.786868950520292,1
1399,0.016953638908807078,1
1400,1.2548346186277022,1
1401,0.6963265011219388,1
1403,2.082603835843184,1
1408,1.613579237857692,1
1411,0.5431950543972468,1
1415,25.926641614385694,1
1416,9.856895930673623,1
1417,1.6312068933741568,1
1418,1.104820081430954,1
1420,-1.832198268629461,1
1421,0.023483239727155603,1
1427,1.851032163418637,1
1428,0.9031252293212112,1
1429,17.042505337641014,1
1430,6.326437373560652,1
1432,1.253339468504503,1
1434,2.6468575157589846,1
1435,3.3123661519941736,1
1437,2.264723572955895,1
1441,-0.9368945718928163,1
1442,3.6359450480787405,1
1443,2.673795407837925,1
1444,15.352154199807485,1
1445,1.0633334290451821,1
1448,2.3130859892518307,1
1450,2.9169328481410686,1
1453,1.070531558714961,1
1456,3.43453331120107,1
1457,9.033163285171339,1
1458,0.46855546801133663,1
1459,0.9019882728838235,1
1460,7.246012440859284,1
1461,0.20036999594087224,1
1462,0.33621124513638967,1
1463,1.663425307523806,1
1467,1.1325851871142134,1
1471,3.188442808788193,1
1472,12.63249039693061,1
1474,0.30091514601528413,1
1475,2.1598582742541925,1
1479,21.7332625391054,1
1480,2.9924054634786987,1
1482,3.5695024253057737,1
1483,1.390964622045126,1
1484,2.10625982344875,1
1486,-1.7869911415325852,1
1490,0.9878073473519213,1
1491,0.35894677804145747,1
1492,0.5478072511219241,1
1493,12.905170116764367,1
1500,3.459508525878626,1
1506,3.605752956148311,1
1507,6.3537953630941875,1
1509,0.629906310002208,1
1511,2.581019619341681,1
1514,4.315738451699113,1
1515,15.388269960304566,1
1521,1.1730649921392318,1
1522,-2.052100080272933,1
1524,2.933999114124858,1
1525,2.2441790898522402,1
1526,1.689659191300561,1
1527,1.4051836866766214,1
1528,8.525791738713636,1
1529,4.372886518627426,1
1531,1.3642417738424255,1
1534,5.65314078738392,1
1535,6.196854322250552,1
1540,-0.8820019668175618,1
1541,7.787242625634223,1
1542,1.1262186419074287,1
1543,2.859535477418135,1
1547,3.5891514375815334,1
1548,2.622776092382428,1
1550,-1.9213699813609741,1
1551,0.8254579066372574,1
1553,1.0406701505203082,1
1554,6.01211036703761,1
1555,3.52650576875799,1
1556,17.972178329466367,1
1557,3.8541013908843063,1
1569,1.8690933777647714,1
1570,5.023666723864431,1
1571,12.848174560250872,1
1573,0.8079399326184291,1
1574,1.984098154914557,1
1575,0.9451159917038199,1
1576,4.327675135947112,1
1577,-0.8169828216471098,1
1580,2.325184524118233,1
1581,3.5688627533919224,1
1584,18.66853633041252,1
1585,-1.140130332845449,1
1586,1.4368848450048612,1
1588,2.8725581918514953,1
1589,3.6925660510434555,1
1590,1.3978158005898358,1
1593,1.5668201219532705,1
1594,3.8070661188418953,1
1595,0.49216358079131983,1
1597,3.609725465623193,1
1598,2.762160596598023,1
1603,2.7110306384791047,1
1604,-0.17603665993079431,1
1606,-0.7475048480765052,1
1608,2.1927039355219753,1
1610,0.2401154432049747,1
1611,15.90712686908872,1
1612,6.159298414048848,1
1614,3.7301720523646837,1
1617,0.76804225640923,1
1621,1.3443606668985273,1
1624,1.7652752750149996,1
1625,2.1481153958122787,1
1626,7.435797082679537,1
1631,7.661203481632044,1
1632,1.406303013815895,1
1639,1.2111367672403295,1
1640,9.058961869854027,1
1642,6.127260114490076,1
1643,0.3621271067738556,1
1644,1.0657989892070605,1
1645,0.23382933337140388,1
1651,0.9977242590808978,1
1654,37.62121799217746,1
1655,2.043797107200088,1
1658,0.6594512940832147,1
1659,5.966165271720156,1
1661,2.14492554485273,1
1668,12.723894275596422,1
1670,-0.10724802187318327,1
1672,2.70772439966579,1
1674,2.3129922857606626,1
1675,0.9506260855503137,1
1677,0.7978482406638696,1
1682,12.188711689019218,1
1684,-0.5249504407381611,1
1686,2.5880194034122286,1
1690,-0.0932525716594792,1
1691,1.4024209166032935,1
1693,-0.6411246756413045,1
1695,13.546484721807428,1
1696,9.24060255846468,1
1698,1.0071694891933962,1
1699,3.566881692214138,1
1701,-2.8583491255149696,1
1703,3.0741866670249927,1
1705,2.502256421301139,1
1706,2.0911076483409596,1
1709,5.267528597114758,1
1710,11.362036337114386,1
1711,3.4534994581563616,1
1712,3.314584840361973,1
1721,33.470445471329114,1
1725,2.136750536464782,1
1728,-0.5266771094600895,1
1733,1.869231018743844,1
1737,1.1837776844593815,1
1744,1.5521859350815088,1
1746,0.23947782916803995,1
1747,2.3823417195288603,1
1748,5.059764214878129,1
1750,3.3492452448327223,1
1751,0.5033525803050816,1
1753,3.5438744885411597,1
1754,2.0488197681810147,1
1755,4.338804420606706,1
1756,7.264102476587868,1
1757,3.3267660621234776,1
1758,3.260148265316102,1
1761,4.341541730771304,1
1762,3.5495875720032366,1
1763,2.4705944994533957,1
1764,4.456822078743622,1
1768,2.1479637412978585,1
1769,2.3136202128026895,1
1770,1.7732018879755707,1
1771,3.388543549012383,1
1772,2.2261375603137314,1
1774,2.3472920470330227,1
1775,4.661288245441949,1
1776,5.810150545493252,1
1777,1.4474996352379932,1
1779,2.5765748620003275,1
1783,1.419832547009498,1
1784,2.6083198781663266,1
1785,8.211125431170078,1
1786,-0.8136171338626732,1
1789,1.8788039619745491,1
1790,2.8280658642927143,1
1791,7.595122145494412,1
1792,0.368816455420256,1
1793,1.2301033976268472,1
1794,0.6938715812189724,1
1795,1.036133296500691,1
1796,9.31035339102356,1
1797,2.182177995203929,1
1798,6.260771589934032,1
1799,5.975945775284625,1
1800,4.645036380073851,1
1801,0.9595276466346714,1
1802,4.326699696809519,1
1803,6.71094476157025,1
1804,7.719988124991734,1
1805,7.236809240157475,1
1806,3.8170563603992718,1
1807,-0.3404203608547349,1
1810,2.8351397402760234,1
1811,3.8488952550622075,1
1812,2.2654774234341892,1
1813,1.2928111361303976,1
1814,1.727451971898557,1
1815,2.1532445783305874,1
1816,3.822105269615756,1
1817,4.322487008381706,1
1818,4.215127565866559,1
1819,4.95821256564478,1
1820,4.241932758638622,1
1822,1.1012703338092233,1
1823,3.300775567485542,1
1824,4.534498935379132,1
1825,13.521317827192078,1
1826,3.2521301925100037,1
1827,1.110694610453904,1
1831,1.6073401657884139,1
1832,5.3854302009139925,1
1833,7.795449314335755,1
1834,3.0873601402914166,1
1835,5.230834084103074,1
1837,1.4177852826066166,1
1839,1.4134980654228406,1
1840,5.9714666192204175,1
1841,-2.8520468048834022,1
1842,-0.7809578918403854,1
1843,-1.2380572684117603,1
1844,3.145774780594658,1
1845,2.177991329563533,1
1846,2.9391607377358313,1
1847,5.873119951616404,1
1848,5.416571604899721,1
1849,3.8252987720857816,1
1851,0.7423691969598019,1
1852,3.9834455597625356,1
1853,1.373216209022734,1
1854,1.0073757419209501,1
1855,3.2692921945980475,1
1856,2.921369422776924,1
1858,2.935852939669033,1
1859,2.3774276889060015,1
1860,1.327240443268503,1
1861,2.5946544783820924,1
1862,-1.230114541002405,1
1863,1.3958435763406647,1
1864,1.9104738425385779,1
1868,2.6996147147526135,1
1869,2.19554552466975,1
1870,4.923609968757505,1
1873,6.249247425608997,1
1874,4.736846903754594,1
1875,5.56211445604605,1
1876,1.9289766885949664,1
1877,2.732360577302104,1
1879,5.960896429661698,1
1880,6.7932096469470675,1
1881,3.087891655605918,1
1882,1.495036321475323,1
1883,1.5513843267194831,1
1884,3.0833620704310416,1
1887,2.5290035177115566,1
1888,2.294160826965653,1
1889,0.7330921270151385,1
1890,4.962898972811984,1
1891,4.7738716907919745,1
1893,0.926664421768899,1
1894,4.131538733754253,1
1895,5.998882270709452,1
1896,2.565850203350439,1
1897,1.9926867732822444,1
1898,4.370374542989923,1
1900,2.409708588010009,1
1901,3.6896888293922654,1
1902,2.2881490747756623,1
1903,-1.0616606679173142,1
1904,0.7621301278439252,1
1908,4.016610545553377,1
1909,1.7093568207381291,1
1910,2.3951017462979864,1
1911,4.597426981990713,1
1912,4.9626479559683965,1
1913,0.5487988478194684,1
1915,5.495860152175949,1
1916,2.230362868936969,1
1918,1.589957498968546,1
1919,2.149346195769305,1
1921,1.6353702376292139,1
1922,1.7299841914636112,1
1923,4.755770001493961,1
1924,3.8636673816903317,1
1925,3.1715664066152245,1
1926,1.6974379707889393,1
1929,1.367105556509305,1
1931,-3.485595401810122,1
1933,1.8958835697088303,1
1937,3.317006381972075,1
1938,1.2262111186217064,1
1939,1.8036962513842885,1
1940,4.424158430187335,1
1943,1.5750943686282888,1
1944,2.122627062628804,1
1945,2.0092831644336395,1
1947,3.5671450217012106,1
1948,-0.6653059515474324,1
1951,8.087497895239617,1
1952,3.009177298491025,1
1953,0.8700912508079707,1
1954,-4.786117715243895,1
1957,1.0777531025810634,1
1958,2.72917454659982,1
1959,1.8956504594644694,1
1960,4.436643990743479,1
1961,1.2620909308432062,1
1962,4.837616648035829,1
1963,1.9387455489964625,1
1965,3.9568999917442187,1
1966,2.510107088185829,1
1968,0.03228711098103343,1
1970,2.1718119738769883,1
1971,3.0884912084366216,1
1972,0.1283958630021539,1
1973,5.510573830399813,1
1974,-1.4896968939487092,1
1975,4.0773888144636325,1
1978,3.170941072690852,1
1979,2.8106620756265626,1
1982,1.6792495574919197,1
1985,1.667717235579726,1
1988,1.748110538300836,1
1989,2.5474652875735604,1
1994,1.289820625714973,1
1996,-2.221571648421774,1
2000,-1.3980142102784678,1
2001,3.8539810967961414,1
2005,-2.6196029602522604,1
2006,0.9141373466747958,1
2007,1.0460114040883821,1
2008,1.1333592138782076,1
2009,-0.3902518864502129,1
2010,1.0053516097383994,1
2013,5.2024718167767485,1
2014,-1.5632213502944117,1
2015,0.7703984083049376,1
2016,1.016428489464104,1
2020,3.1842592585069096,1
2021,2.255043110020668,1
2022,0.893287324999704,1
2023,2.8799978978913403,1
2024,1.9199415740643269,1
2027,2.0201137319694396,1
2028,3.7360936508527227,1
2029,6.178544782008798,1
2031,-0.38740617325895554,1
2034,-2.813566938414846,1
2035,6.126572739806555,1
2036,1.493278362892093,1
2040,1.1280669656571325,1
2041,2.5800234076518165,1
2049,-0.18631580556188787,1
2050,0.9886329960815756,1
2051,0.5511657087289996,1
2055,3.9698297975430266,1
2056,3.8174358412649028,1
2057,1.1063401813117628,1
2058,1.1378098074464171,1
2061,2.018183376469382,1
2062,2.370198033653412,1
2063,-1.5302822201836506,1
2064,0.8374789677085239,1
2069,2.746024419854522,1
2070,1.0831605548705547,1
2071,3.61635962191252,1
2072,0.7666344126484581,1
2077,2.0530979412165298,1
2079,0.11889840980251187,1
2080,0.3947537062840403,1
2083,1.3293349302805728,1
2084,3.889396622723912,1
2085,-1.2159304123765136,1
2092,1.8739916487926749,1
2093,2.8715377063750935,1
2094,1.9339934009692477,1
2096,0.9333358697020715,1
2097,2.2506776232730137,1
2098,1.153621163622233,1
2100,0.7112619385164506,1
2105,1.6136995810600157,1
2106,2.1244849755141697,1
2108,0.6300827388597916,1
2109,1.7177155917898572,1
2110,1.9975264647930742,1
2114,1.25559446336031,1
2115,1.2779721206246037,1
2116,2.3041758022726397,1
2118,-0.4477953000289636,1
2119,1.7983102249994567,1
2120,1.6990806291847642,1
2121,-0.5885928516205288,1
2125,0.09278898457047324,1
2126,4.839137661394112,1
2129,-0.18911508798339405,1
2132,2.9344209564024735,1
2133,2.5444174953747796,1
2134,2.9780847865129383,1
2139,1.9507516487740189,1
2141,4.993970646087277,1
2142,3.922000770192517,1
2143,0.9721028753230292,1
2148,1.5260662907637113,1
2149,2.1742978854201302,1
2150,5.107241037153805,1
2156,2.7197867093557098,1
2157,-0.8112655817601757,1
2160,1.0347058699373541,1
2161,2.799293610974269,1
2162,1.0086179755346762,1
2163,2.763577932319262,1
2164,5.315425181338423,1
2165,-0.21544652149081278,1
2167,2.6630599132300654,1
2168,3.878055357015746,1
2169,2.8365055167916706,1
2170,0.043840837743374994,1
2173,2.6045147383410074,1
2174,1.8045244180046485,1
2175,-0.8850749115387289,1
2176,-1.1230350812388723,1
2177,-1.0940657495950248,1
2183,0.9127713083817381,1
2184,2.2328107068986056,1
2185,1.2877574901519666,1
2188,-0.26444399078771497,1
2191,0.8820689033192252,1
2194,0.8539025063029194,1
2196,1.9333100058014971,1
2197,8.141248736003007,1
2199,4.486402398259258,1
2200,2.613135323797494,1
2203,3.0514249260848834,1
2205,-1.1928388204898752,1
2206,1.551040819408231,1
2211,1.146223828325595,1
2212,3.3772309447932014,1
2216,1.4304421096343227,1
2217,2.3169321945258283,1
2219,1.1079839304458032,1
2220,-1.94513113283221,1
2223,6.782509627728942,1
2224,-0.023891315251654444,1
2225,0.41685154990861406,1
2226,-1.2900813115189003,1
2229,2.0030686130120126,1
2230,1.9284475541808292,1
2231,0.9404319999602171,1
2232,2.27409139085633,1
2233,2.0806085272355923,1
2234,1.0827288703833777,1
2237,2.2543158108010033,1
2238,1.783282239287337,1
2241,2.2957525504108203,1
2244,1.0307771617323724,1
2245,0.4640136604164127,1
2246,0.9422048400811431,1
2248,2.9181963917799605,1
2249,2.52072960314525,1
2251,1.5884921505554952,1
2252,5.428591252272629,1
2253,2.5536369709810782,1
2255,0.8319812072513103,1
2258,1.8313013688270439,1
2259,4.478891229352268,1
2260,2.016543596466239,1
2261,1.195183182457749,1
2266,5.8319269833910266,1
2267,0.5169301381957758,1
2268,1.0376157695486223,1
2270,3.077968833448783,1
2271,0.9726799640468347,1
2276,3.7953476944371616,1
2277,0.12048125425944689,1
2281,-0.2512950980962936,1
2282,1.7002868229149644,1
2287,31.300257179792332,1
2288,2.757105748567895,1
2289,0.6710542634363585,1
2295,1.7041502785078793,1
2296,-0.46976508333617994,1
2297,0.9632143182757767,1
2300,-0.028550938621092925,1
2301,-2.3325936466141206,1
2302,0.9677670540176733,1
2303,2.3934480306473755,1
2307,1.6328089004383857,1
2314,0.7495187061915618,1
2324,0.49396792134091805,1
2329,0.648407866891516,1
2332,0.2880350064095334,1
2335,0.5084567433852478,1
2336,0.18576061807865396,1
2338,0.9537882224787653,1
2339,1.6354380085154825,1
2342,1.1068566272707556,1
2343,0.0292461261884136,1
2344,2.394568453688182,1
2345,1.7584726410540894,1
2349,4.91536165300499,1
2350,1.6973770013127127,1
2356,-0.864465386783752,1
2357,2.0349130253451673,1
2359,1.5363146185064296,1
2364,0.944304958787898,1
2374,1.8683477598881648,1
2386,1.5577625057210203,1
2388,0.30531773028830533,1
2392,0.7167407899850957,1
2393,3.56568792951084,1
2394,1.3763466609164823,1
2395,-0.39784279921226906,1
2399,-0.8712393585387346,1
2405,0.07124359460865537,1
2414,-0.2152142617251136,1
2429,2.3779326062688386,1
2433,0.4731074643344544,1
2437,0.782915505755811,1
2441,-1.9503008564872975,1
2442,3.2206020826169133,1
2444,0.10200175100199882,1
2449,1.7422574697863356,1
2450,0.9179031279095953,1
2451,0.9169716351282756,1
2464,2.1612356605743477,1
2466,-0.5178591389051359,1
2479,-1.0361008491213783,1
2483,-1.1594531544525988,1
2492,3.782156007140487,1
2496,0.14727289959341294,1
2503,2.1548620470075055,1
2512,1.1605192653622454,1
2514,0.6616759844236982,1
2526,1.313455165060113,1
2531,3.851353159365613,1
2533,4.377620842326335,1
2540,1.328621055086415,1
2545,0.4860544908812433,1
2551,-0.5816395897584259,1
2552,1.3897941317722728,1
2553,3.659733194236096,1
2555,0.3569445963766399,1
2559,0.10755283141110739,1
2561,26.88234121240934,1
2577,1.450370451123939,1
2601,1.4283401700929401,1
2617,1.1906228836263422,1
2799,1.5784318300970037,1
2867,2.0768920577400163,1
2896,1.3338881601397574,1
2905,0.8816335252014507,1
2908,0.48538180408260634,1
2911,-0.11069024632111746,1
2912,13.3867027597484,1
2919,3.800508477608791,1
2927,1.7929677248993876,1
2930,0.513866228011092,1
2942,-0.7610111542670914,1
2950,3.396207559922277,1
2952,0.9002224212919554,1
3027,2.6231878515029563,1
3273,-0.9791800589108519,1
3277,3.1015089197990813,1
3281,0.39353331403517533,1
3300,1.4179132391170004,1
3596,-0.42602868279508144,1
3967,1.3622561748196969,1
4429,1.5679767270583571,1
6106,0.20231967235971837,1
7689,0.23435124796654971,1
7698,1.8903389393676133,1
7880,1.0475646677353918,1
9999,9370.416706315542,1
10000,136.42765134927984,1
10001,13.227413984851065,1
10002,27.156892102212034,1
10003,12.469113851486922,1
10004,5.182402940069565,1
10005,2.8034962904356426,1
10006,6.896521349072773,1
10007,16.49824889089445,1
10008,5.0305202455523155,1
10009,16.251151725674127,1
10010,5.707553461326333,1
10011,11.988981306703932,1
10012,5.698414111124212,1
10013,1.4271246463426177,1
10014,7.03760150756322,1
10015,11.879836008030878,1
10016,10.101756481855887,1
10017,4.934060411114624,1
10018,17.09998799511393,1
10021,13.561037594512184,1
10022,13.009463298488813,1
10023,6.749705040956631,1
10024,15.111390835580657,1
10025,8.934301309514945,1
10028,14.780300751084834,1
10029,6.804791253517709,1
10030,4.226545964789051,1
10031,3.760970640264905,1
10032,8.718048658285968,1
10033,1.8985952673733617,1
10034,4.010668365213336,1
10035,4.324976947996356,1
10036,6.137302452610118,1
10037,3.540743963480645,1
10038,8.673840999366256,1
10039,6.466954578246934,1
10040,-0.2440809051341395,1
10042,3.166604242702575,1
10043,4.865363388780945,1
10044,3.628667880856963,1
10045,0.8968990384113491,1
10046,3.257420713113624,1
10049,7.6350901149910735,1
10050,7.937173837867715,1
10051,4.547172409832761,1
10052,12.340985817420675,1
10053,0.6492660089316002,1
10058,2.4573227591068996,1
10059,7.635645680458383,1
10063,2.2155518255802606,1
10064,2.8103852954379684,1
10065,4.846541681004897,1
10066,3.634631588201139,1
10067,2.8886961865576644,1
10070,3.3895621589227356,1
10072,2.6290093234470984,1
10073,1.3160582949984452,1
10074,-1.4224028657903691,1
10077,3.006727391227031,1
10078,6.166670872475153,1
10079,4.705773749598375,1
10080,4.588788784113588,1
10081,3.1427531914204527,1
10084,3.365474239982414,1
10085,0.6950547501266987,1
10088,-0.055606357294245345,1
10092,3.3079838001239135,1
10093,5.476997171439452,1
10094,3.1282316612025367,1
10101,1.6838568046067675,1
10102,7.424683337799772,1
10107,2.6615275911900618,1
10108,4.294392926060812,1
10109,3.8952212491768914,1
10112,4.310618459143176,1
10115,1.3786939136618617,1
10116,1.4160155023972127,1
10118,-0.41970307993313716,1
10119,6.825092582542425,1
10120,8.994105134417781,1
10121,4.07255513077967,1
10128,3.363546840856281,1
10130,5.211091743765115,1
10140,1.8709145845797275,1
10141,-0.13579340713707744,1
10143,1.9598091889209575,1
10144,1.58142585620024,1
10149,4.626266186079133,1
10150,3.7970634912163623,1
10151,1.7755179388886804,1
10157,4.026381041146551,1
10158,-0.6704940697975226,1
10162,6.319897748704653,1
10163,2.590948632742493,1
10164,4.0828943109743285,1
10165,6.098813499189252,1
10169,8.026115652322202,1
10171,2.3056897733315664,1
10172,3.5830753786877483,1
10175,3.456149031997131,1
10177,2.889077094488312,1
10178,2.8169057343119706,1
10179,0.3855912961188379,1
10183,5.943978563350127,1
10191,5.137670068128573,1
10193,2.8933048752268276,1
10196,1.9863414322737585,1
10198,9.292611619487358,1
10199,0.7509590111064379,1
10204,1.9167052282128874,1
10205,1.903823540681229,1
10207,4.377305941293023,1
10210,1.9145913345235954,1
10217,0.6330647332389341,1
10219,1.99455871540711,1
10221,3.0060974730545946,1
10226,2.412425118671445,1
10227,1.6583788354320004,1
10228,2.298898572885466,1
10231,2.652125263253726,1
10235,2.837986660532737,2
10241,2.213236466087361,2
10248,2.1408094843792496,2
10253,1.1063516619325404,2
10255,2.104392573640964,2
10256,2.5186132629508893,2
10262,2.2932326597107084,2
10267,2.625932385765473,2
10269,6.190703537181706,2
10270,2.0616252725172526,2
10273,-0.09025341510086271,2
10275,2.3489939043825347,2
10280,2.6581954073564975,2
10283,2.617676522584964,2
10284,6.4108021078521205,2
10288,3.4859850350193735,2
10289,2.219049356744859,2
10291,5.169113973669392,2
10294,1.8801497822702342,2
10297,0.7559832991131252,2
10298,3.317494043612557,2
10302,1.8134808578114043,2
10303,2.4099695423386356,2
10304,2.313621542662944,2
10305,4.4715145193203165,2
10309,1.7594662890062933,2
10311,1.477899480195204,2
10316,0.829582063367994,2
10318,2.174787599670571,2
10319,-0.9787022043749287,2
10338,1.6294380880153698,2
10353,-0.10498574767357516,2
10359,1.1963134647752374,2
10364,4.093873965694345,2
10387,3.6304735950441454,2
10395,1.3489833955933042,2
10401,3.027336305009535,2
10408,2.645974817223008,2
10417,0.8171915435073205,2
10422,3.416815253699479,2
10431,2.4509724444415966,2
10442,2.538418762252766,2
10451,2.507755374858213,2
10485,2.0724710222733194,2
10493,2.451891442631943,2
10518,1.9654416373367998,2
10549,-0.37187801569772105,2
10578,4.5252962822775675,2
10590,3.885293337970556,2
10623,1.0793785906274795,2
10624,0.7122718865635029,2
10675,0.5851818264969038,2
10680,2.72803044558228,2
10686,0.29951784443401275,2
10690,-2.0012292247110084,2
10703,2.05737489987616,2
10732,3.1968679666415083,2
10785,2.742485512858618,2
10805,4.092557914598856,2
10847,2.337994232431507,2
10865,3.261404146667739,2
10884,3.5790927890105966,2
10889,2.6586896249532024,2
10926,1.2680206312339801,2
10935,2.0013499049136247,2
10938,2.0480816460289946,2
10961,1.7745171080031663,2
10962,1.696058051855652,2
10975,156.09307404371978,2
10985,1.7467514884310085,2
10992,1.294723788653288,2
10994,2.8835726274744617,2
11026,2.711496887481694,2
11285,1.4613524849159756,2
11529,1.5010228738337141,2
11581,2.4167031551276166,2
11585,1.3495594251845104,2
11596,2.03475711837405,2
11639,1.9394417879811687,2
11641,1.9779577389539729,2
11657,2.381793098792063,2
11739,1.5424352858364498,2
11744,0.22615093948032738,2
11798,1.4974853718097552,2
11948,3.0303558360131113,2
12067,1.1914146719049257,2
28124,1.1641024948397363,2
28164,2.470248645460863,2
28171,0.9249791618307036,2
28196,2.5558127375494477,2
28210,2.43750771164396,2
28213,2.290924069980631,2
28313,0.8942833564396717,2
28385,0.8749769480275945,2
28448,1.4660094937140364,2
28528,4.08106835551221,2
28553,0.4020395028723496,2
28784,2.0260739030217962,2
28812,2.140590018881432,2
28876,2.040987304686891,2
40829,3.6398718012441478,2
40866,2.129138063912588,2
40867,2.959346606375359,2
40868,-0.07979851754757794,2
40871,1.0387942185164039,2
40873,0.9551537626811717,2
40875,98.15123413211072,2
41171,2.485021344010944,2
41179,3.432539099163158,2
41185,1.2942266691238866,2
41186,0.8070973912015857,2
41187,0.5007034714933372,2
41192,3.906298220384462,2
41200,1.932374275383273,2
41207,3.1828028100052674,2
41212,4.95609813966776,2
41214,0.2580128996850424,2
41215,0.6983412710682576,2
41218,0.5526383625626333,2
41220,1.3303160421724676,2
41226,2.55306545156994,2
41227,1.8197573761912802,2
41229,2.0882800219450433,2
41231,-0.5795878129576875,2
41232,4.513555943532344,2
41233,1.7038159884361626,2
41234,2.309649973218199,2
41235,4.8448976895654905,2
41236,4.027863676450947,2
41240,309.07143874899697,1
730913,18.114100578640077,1
730955,172.74109583905022,1
