duration,count_x,count_y,class
34,5889,5889,0
34,5889,641,0
34,641,5889,0
34,641,641,0
-57806,1,1,1
-57440,1,1,0
-56345,1,1,1
-55979,1,1,0
-55614,1,1,0
-55249,1,1,0
-54518,1,1,0
-54153,1,1,0
-53788,1,1,0
-53423,1,1,0
-51596,1,1,0
-51231,1,1,0
-50866,1,1,0
-50501,1,1,0
-49770,1,1,0
-49405,1,1,0
-49040,1,1,0
-48674,1,1,0
-48309,1,1,0
-47944,1,1,0
-47213,1,1,0
-46848,1,1,0
-46483,1,1,0
-46118,1,1,0
-45752,1,1,0
-45022,1,1,0
-44657,1,1,0
-44291,1,1,0
-43926,1,1,0
-43196,1,1,0
-42830,1,1,0
-42465,1,1,0
-42100,1,1,0
-41735,1,1,0
-41369,1,1,0
-41004,1,1,0
-40639,1,1,0
-39543,1,1,0
-37717,1,1,0
-37352,1,1,0
-36621,1,1,0
-36256,1,1,0
-35891,1,1,0
-35525,1,1,0
-35160,1,1,0
-34795,1,1,0
-32603,1,1,0
-32238,1,1,0
-30777,1,1,0
-27491,1,1,0
-20551,1,1,0
-19821,1,1,0
-18225,1,1,0
-14707,1,1,0
-6306,1,1,0
-1193,1,1,0
-1096,9,9,0
-731,9,9,0
-423,1,1,0
-366,5,5,0
-346,19,19,0
-345,3,3,0
-344,11,11,0
-343,1,1,0
-338,5,5,0
-336,1,1,0
-331,1,1,0
-325,3,3,0
-313,1,1,0
-297,3,3,0
-296,1,1,0
-295,2,2,0
-294,1,1,0
-287,1,1,0
-283,1,1,0
-281,2,2,0
-278,1,1,0
-276,3,3,0
-275,1,1,0
-272,1,1,0
-269,5,5,0
-268,1,1,0
-264,2,2,0
-263,1,1,0
-262,1,1,0
-261,2,2,0
-258,2,2,0
-251,1,1,0
-250,4,4,0
-245,1,1,0
-243,1,1,0
-241,1,1,0
-239,4,4,0
-238,1,1,0
-235,1,1,0
-230,2,2,0
-229,1,1,0
-221,1,1,0
-220,2,2,0
-218,1,1,0
-216,1,1,0
-214,1,1,0
-211,1,1,0
-203,1,1,0
-199,1,1,0
-196,4,4,0
-194,2,2,0
-191,1,1,0
-190,1,1,0
-189,1,1,0
-187,1,1,0
-185,1,1,0
-172,2,2,0
-141,2,2,0
-139,1,1,0
-133,1,1,0
-130,1,1,0
-109,1,1,0
-104,1,1,0
-79,1,1,0
-73,1,1,0
-71,2,2,0
-55,1,1,0
-35,1,1,0
-34,1,1,0
-33,3,3,0
-31,1,1,0
-28,1,1,0
-26,3,3,0
-25,1,1,0
-23,3,3,0
-22,8,8,0
-21,4,4,0
-20,5,5,0
-19,10,10,0
-18,7,7,0
-17,17,17,0
-16,6,6,0
-15,5,5,0
-14,5,5,0
-13,4,4,0
-12,9,9,0
-11,8,8,0
-10,9,9,0
-9,1,1,0
-8,6,6,0
-7,7,7,0
-6,5,5,0
-5,12,12,0
-4,6,6,0
-3,8,8,0
-2,6,6,0
-1,6,6,0
0,73,73,0
1,144,144,0
2,324,324,0
3,469,469,0
4,608,608,0
5,639,639,0
6,507,507,0
7,1376,1376,0
8,309,309,0
9,1286,1286,0
10,576,576,0
11,696,696,0
12,531,531,0
13,466,466,0
14,1061,1061,0
15,1011,1011,0
16,3750,3750,0
17,845,845,0
18,1384,1384,0
19,2803,2803,0
20,1918,1918,0
21,575,575,0
22,822,822,0
23,1435,1435,0
24,1132,1132,0
25,2360,2360,0
26,2728,2728,0
27,924,924,0
28,1053,1053,0
29,2380,2380,0
30,23727,23727,0
31,3422,3422,0
32,5954,5954,0
33,834,834,0
35,1202,1202,0
36,516,516,0
37,1642,1642,0
38,1378,1378,0
39,1902,1902,0
40,2836,2836,0
41,492,492,0
42,1754,1754,0
43,715,715,0
44,1876,1876,0
45,1688,1688,0
46,2984,2984,0
47,1596,1596,0
48,424,424,0
49,740,740,0
50,1552,1552,0
51,1939,1939,0
52,2165,2165,0
53,2859,2859,0
54,1248,1248,0
55,546,546,0
56,883,883,0
57,1883,1883,0
58,2552,2552,0
59,1514,1514,0
60,4803,4803,0
61,1764,1764,0
62,545,545,0
63,747,747,0
64,581,581,0
65,1911,1911,0
66,5766,5766,0
67,1297,1297,0
68,655,655,0
69,1330,1330,0
70,723,723,0
71,814,814,0
72,1004,1004,0
73,18573,18573,0
74,4813,4813,0
75,5213,5213,0
76,747,747,0
77,1807,1807,0
78,3791,3791,0
79,1334,1334,0
80,933,933,0
81,806,806,0
82,1119,1119,0
83,316,316,0
84,578,578,0
85,11625,11625,0
86,4236,4236,0
87,1048,1048,0
88,4342,4342,0
89,11466,11466,0
90,9395,9395,0
91,9417,9417,0
92,10754,10754,0
93,3838,3838,0
94,817,817,0
95,871,871,0
96,2302,2302,0
97,1811,1811,0
98,418,418,0
99,1245,1245,0
100,13454,13454,0
101,2143,2143,0
102,2772,2772,0
103,1474,1474,0
104,6259,6259,0
105,3723,3723,0
106,999,999,0
107,1440,1440,0
108,2779,2779,0
109,1588,1588,0
110,1276,1276,0
111,1352,1352,0
112,2666,2666,0
113,4152,4152,0
114,1109,1109,0
115,1117,1117,0
116,3419,3419,0
117,1075,1075,0
118,869,869,0
119,1688,1688,0
120,1864,1864,0
121,1971,1971,0
122,1774,1774,0
123,6849,6849,0
124,1008,1008,0
125,941,941,0
126,734,734,0
127,477,477,0
128,2679,2679,0
129,1319,1319,0
130,1305,1305,0
131,4303,4303,0
132,1071,1071,0
133,1913,1913,0
134,887,887,0
135,3221,3221,0
136,3095,3095,0
137,1510,1510,0
138,1248,1248,0
139,659,659,0
140,1438,1438,0
141,832,832,0
142,4363,4363,0
143,874,874,0
144,1847,1847,0
145,2641,2641,0
146,753,753,0
147,871,871,0
148,974,974,0
149,11352,11352,0
150,2444,2444,0
151,2168,2168,0
152,5486,5486,0
153,5691,5691,0
154,351,351,0
155,1068,1068,0
156,2647,2647,0
157,929,929,0
158,5783,5783,0
159,2981,2981,0
160,435,435,0
161,1287,1287,0
162,661,661,0
163,1215,1215,0
164,869,869,0
165,574,574,0
166,2875,2875,0
167,1188,1188,0
168,444,444,0
169,834,834,0
170,506,506,0
171,4872,4872,0
172,870,870,0
173,2667,2667,0
174,1741,1741,0
175,3724,3724,0
176,2376,2376,0
177,1652,1652,0
178,1132,1132,0
179,2707,2707,0
180,5712,5712,0
181,1016,1016,0
182,492,492,0
183,5602,5602,0
184,18567,18567,0
185,1753,1753,0
186,1088,1088,0
187,431,431,0
188,478,478,0
189,1432,1432,0
190,10711,10711,0
191,1875,1875,0
192,1110,1110,0
193,711,711,0
194,2607,2607,0
195,553,553,0
196,617,617,0
197,391,391,0
198,2049,2049,0
199,2097,2097,0
200,1719,1719,0
201,1548,1548,0
202,797,797,0
203,404,404,0
204,519,519,0
205,772,772,0
206,1208,1208,0
207,4045,4045,0
208,12364,12364,0
209,1792,1792,0
210,1193,1193,0
211,4077,4077,0
212,922,922,0
213,3858,3858,0
214,12361,12361,0
215,718,718,0
216,908,908,0
217,605,605,0
218,295,295,0
219,818,818,0
220,4541,4541,0
221,877,877,0
222,490,490,0
223,1758,1758,0
224,385,385,0
225,587,587,0
226,1473,1473,0
227,799,799,0
228,729,729,0
229,635,635,0
230,3811,3811,0
231,298,298,0
232,346,346,0
233,726,726,0
234,806,806,0
235,2530,2530,0
236,1656,1656,0
237,1637,1637,0
238,404,404,0
239,777,777,0
240,1069,1069,0
241,3154,3154,0
242,702,702,0
243,1065,1065,0
244,812,812,0
245,1624,1624,0
246,813,813,0
247,416,416,0
248,866,866,0
249,4183,4183,0
250,563,563,0
251,1264,1264,0
252,133,133,0
253,238,238,0
254,491,491,0
255,842,842,0
256,866,866,0
257,562,562,0
258,1090,1090,0
259,123,123,0
260,584,584,0
261,355,355,0
262,1507,1507,0
263,387,387,0
264,3996,3996,0
265,1320,1320,0
266,145,145,0
267,201,201,0
268,1128,1128,0
269,4434,4434,0
270,958,958,0
271,358,358,0
272,1709,1709,0
273,190,190,0
274,4401,4401,0
275,1280,1280,0
276,1348,1348,0
277,376,376,0
278,344,344,0
279,2257,2257,0
280,1046,1046,0
281,887,887,0
282,2607,2607,0
283,2616,2616,0
284,2889,2889,0
285,768,768,0
286,1265,1265,0
287,286,286,0
288,203,203,0
289,407,407,0
290,352,352,0
291,689,689,0
292,375,375,0
293,811,811,0
294,987,987,0
295,298,298,0
296,614,614,0
297,1794,1794,0
298,1915,1915,0
299,1530,1530,0
300,1604,1604,0
301,225,225,0
302,248,248,0
303,1749,1749,0
304,1046,1046,0
305,3496,3496,0
306,2633,2633,0
307,551,551,0
308,118,118,0
309,137,137,0
310,429,429,0
311,1797,1797,0
312,2360,2360,0
313,578,578,0
314,1259,1259,0
315,199,199,0
316,457,457,0
317,380,380,0
318,895,895,0
319,2264,2264,0
320,3199,3199,0
321,1459,1459,0
322,2190,2190,0
323,262,262,0
324,5325,5325,0
325,6727,6727,0
326,4778,4778,0
327,1029,1029,0
328,2267,2267,0
329,421,421,0
330,13294,13294,0
331,312,312,0
332,468,468,0
333,6995,6995,0
334,524,524,0
335,2590,2590,0
336,861,861,0
337,754,754,0
338,320,320,0
339,15819,15819,0
340,688,688,0
341,725,725,0
342,376,376,0
343,723,723,0
344,112,112,0
345,4125,4125,0
346,544,544,0
347,364,364,0
348,31922,31922,0
349,14272,14272,0
350,245,245,0
351,87,87,0
352,301,301,0
353,2969,2969,0
354,45253,45253,0
355,2395,2395,0
356,4092,4092,0
357,1107,1107,0
358,115,115,0
359,478,478,0
360,1129,1129,0
361,1587,1587,0
362,7938,7938,0
363,5506,5506,0
364,11510,11510,0
365,42588,42588,0
366,23017,23017,0
367,284,284,0
368,71,71,0
369,54,54,0
370,346,346,0
371,1308,1308,0
372,64,64,0
373,83,83,0
374,92,92,0
375,115,115,0
376,67,67,0
377,70,70,0
378,52,52,0
379,146,146,0
380,901,901,0
381,104,104,0
382,44,44,0
383,139,139,0
384,104,104,0
385,441,441,0
386,91,91,0
387,421,421,0
388,182,182,0
389,40,40,0
390,65,65,0
391,76,76,0
392,61,61,0
393,220,220,0
394,208,208,0
395,169,169,0
396,990,990,0
397,64,64,0
398,116,116,0
399,96,96,0
400,44,44,0
401,44,44,0
402,47,47,0
403,43,43,0
404,4322,4322,0
405,72,72,0
406,51,51,0
407,57,57,0
408,47,47,0
409,50,50,0
410,55,55,0
411,45,45,0
412,32,32,0
413,273,273,0
414,112,112,0
415,83,83,0
416,47,47,0
417,76,76,0
418,46,46,0
419,47,47,0
420,54,54,0
421,57,57,0
422,46,46,0
423,528,528,0
424,53,53,0
425,256,256,0
426,59,59,0
427,60,60,0
428,62,62,0
429,89,89,0
430,69,69,0
431,90,90,0
432,63,63,0
433,164,164,0
434,46,46,0
435,64,64,0
436,50,50,0
437,98,98,0
438,343,343,0
439,149,149,0
440,50,50,0
441,53,53,0
442,61,61,0
443,233,233,0
444,65,65,0
445,25,25,0
446,44,44,0
447,36,36,0
448,41,41,0
449,39,39,0
450,105,105,0
451,38,38,0
452,34,34,0
453,37,37,0
454,84,84,0
455,36,36,0
456,413,413,0
457,83,83,0
458,56,56,0
459,33,33,0
460,43,43,0
461,28,28,0
462,377,377,0
463,48,48,0
464,32,32,0
465,67,67,0
466,41,41,0
467,173,173,0
468,105,105,0
469,53,53,0
470,198,198,0
471,56,56,0
472,111,111,0
473,26,26,0
474,18,18,0
475,47,47,0
476,45,45,0
477,128,128,0
478,37,37,0
479,53,53,0
480,43,43,0
481,38,38,0
482,42,42,0
483,28,28,0
484,54,54,0
485,1352,1352,0
486,84,84,0
487,29,29,0
488,752,752,0
489,84,84,0
490,18,18,0
491,29,29,0
492,27,27,0
493,291,291,0
494,926,926,0
495,33,33,0
496,39,39,0
497,37,37,0
498,24,24,0
499,173,173,0
500,51,51,0
501,60,60,0
502,23,23,0
503,27,27,0
504,23,23,0
505,26,26,0
506,49,49,0
507,35,35,0
508,18,18,0
509,27,27,0
510,38,38,0
511,30,30,0
512,42,42,0
513,34,34,0
514,72,72,0
515,31,31,0
516,67,67,0
517,99,99,0
518,34,34,0
519,138,138,0
520,42,42,0
521,245,245,0
522,19,19,0
523,28,28,0
524,41,41,0
525,22,22,0
526,28,28,0
527,43,43,0
528,36,36,0
529,31,31,0
530,29,29,0
531,80,80,0
532,30,30,0
533,26,26,0
534,46,46,0
535,47,47,0
536,27,27,0
537,30,30,0
538,47,47,0
539,37,37,0
540,40,40,0
541,40,40,0
542,31,31,0
543,37,37,0
544,25,25,0
545,27,27,0
546,51,51,0
547,29,29,0
548,148,148,0
549,32,32,0
550,29,29,0
551,23,23,0
552,32,32,0
553,30,30,0
554,26,26,0
555,35,35,0
556,49,49,0
557,21,21,0
558,29,29,0
559,34,34,0
560,23,23,0
561,21,21,0
562,14,14,0
563,30,30,0
564,14,14,0
565,10,10,0
566,30,30,0
567,24,24,0
568,30,30,0
569,19,19,0
570,25,25,0
571,30,30,0
572,25,25,0
573,33,33,0
574,31,31,0
575,40,40,0
576,51,51,0
577,43,43,0
578,35,35,0
579,45,45,0
580,61,61,0
581,38,38,0
582,42,42,0
583,15,15,0
584,38,38,0
585,17,17,0
586,15,15,0
587,22,22,0
588,20,20,0
589,18,18,0
590,26,26,0
591,28,28,0
592,11,11,0
593,24,24,0
594,25,25,0
595,25,25,0
596,36,36,0
597,18,18,0
598,37,37,0
599,270,270,0
600,19,19,0
601,39,39,0
602,23,23,0
603,26,26,0
604,36,36,0
605,84,84,0
606,31,31,0
607,106,106,0
608,27,27,0
609,49,49,0
610,39,39,0
611,23,23,0
612,34,34,0
613,26,26,0
614,22,22,0
615,33,33,0
616,31,31,0
617,29,29,0
618,23,23,0
619,36,36,0
620,30,30,0
621,49,49,0
622,93,93,0
623,28,28,0
624,22,22,0
625,150,150,0
626,30,30,0
627,47,47,0
628,26,26,0
629,37,37,0
630,27,27,0
631,30,30,0
632,21,21,0
633,41,41,0
634,23,23,0
635,22,22,0
636,24,24,0
637,245,245,0
638,53,53,0
639,85,85,0
640,120,120,0
641,33,33,0
642,41,41,0
643,94,94,0
644,36,36,0
645,38,38,0
646,33,33,0
647,34,34,0
648,11,11,0
649,18,18,0
650,27,27,0
651,30,30,0
652,24,24,0
653,17,17,0
654,87,87,0
655,33,33,0
656,19,19,0
657,22,22,0
658,29,29,0
659,36,36,0
660,18,18,0
661,76,76,0
662,20,20,0
663,18,18,0
664,35,35,0
665,30,30,0
666,35,35,0
667,20,20,0
668,46,46,0
669,32,32,0
670,24,24,0
671,31,31,0
672,35,35,0
673,26,26,0
674,13,13,0
675,24,24,0
676,17,17,0
677,22,22,0
678,87,87,0
679,16,16,0
680,26,26,0
681,30,30,0
682,36,36,0
683,20,20,0
684,21,21,0
685,21,21,0
686,30,30,0
687,58,58,0
688,56,56,0
689,41,41,0
690,10,10,0
691,24,24,0
692,3730,3730,0
693,18,18,0
694,25,25,0
695,703,703,0
696,39,39,0
697,27,27,0
698,31,31,0
699,41,41,0
700,220,220,0
701,43,43,0
702,58,58,0
703,27,27,0
704,10,10,0
705,14,14,0
706,23,23,0
707,16,16,0
708,28,28,0
709,16,16,0
710,27,27,0
711,14,14,0
712,38,38,0
713,15,15,0
714,26,26,0
715,20,20,0
716,27,27,0
717,27,27,0
718,9,9,0
719,11,11,0
720,24,24,0
721,19,19,0
722,28,28,0
723,37,37,0
724,44,44,0
725,15,15,0
726,32,32,0
727,32,32,0
728,94,94,0
729,195,195,0
730,38,38,0
731,2643,2643,0
732,4,4,0
733,15,15,0
734,17,17,0
735,16,16,0
736,20,20,0
737,14,14,0
738,10,10,0
739,13,13,0
740,12,12,0
741,9,9,0
742,28,28,0
743,26,26,0
744,25,25,0
745,52,52,0
746,86,86,0
747,526,526,0
748,18,18,0
749,11,11,0
750,62,62,0
751,16,16,0
752,19,19,0
753,5,5,0
754,7,7,0
755,9,9,0
756,16,16,0
757,21,21,0
758,24,24,0
759,37,37,0
760,7,7,0
761,10,10,0
762,18,18,0
763,23,23,0
764,12,12,0
765,15,15,0
766,14,14,0
767,5,5,0
768,4,4,0
769,15,15,0
770,8,8,0
771,22,22,0
772,19,19,0
773,17,17,0
774,6,6,0
775,72,72,0
776,15,15,0
777,10,10,0
778,199,199,0
779,20,20,0
780,17,17,0
781,5,5,0
782,5,5,0
783,20,20,0
784,14,14,0
785,16,16,0
786,21,21,0
787,18,18,0
788,7,7,0
789,24,24,0
790,10,10,0
791,12,12,0
792,14,14,0
793,13,13,0
794,20,20,0
795,4,4,0
796,4,4,0
797,11,11,0
798,6,6,0
799,4,4,0
800,16,16,0
801,15,15,0
802,4,4,0
803,7,7,0
804,14,14,0
805,44,44,0
806,16,16,0
807,8,8,0
808,22,22,0
809,3,3,0
810,6,6,0
811,23,23,0
812,20,20,0
813,22,22,0
814,20,20,0
815,21,21,0
816,4,4,0
817,6,6,0
818,116,116,0
819,23,23,0
820,1018,1018,0
821,27,27,0
822,24,24,0
823,5,5,0
824,7,7,0
825,15,15,0
826,7,7,0
827,8,8,0
828,19,19,0
829,20,20,0
830,18,18,0
831,87,87,0
832,82,82,0
833,96,96,0
834,160,160,0
835,408,408,0
836,3066,3066,0
837,2,2,0
838,6,6,0
839,7,7,0
840,2,2,0
841,2,2,0
842,1,1,0
843,3,3,0
844,5,5,0
845,2,2,0
846,3,3,0
847,3,3,0
848,1,1,0
850,7,7,0
851,6,6,0
853,2,2,0
854,2,2,0
855,1,1,0
856,10,10,0
857,1,1,0
858,2,2,0
859,4,4,0
860,1,1,0
861,3,3,0
862,12,12,0
863,5,5,0
864,2,2,0
865,5,5,0
866,1,1,0
867,1,1,0
868,4,4,0
869,7,7,0
870,3,3,0
871,3,3,0
872,2,2,0
873,3,3,0
875,4,4,0
876,3,3,0
877,3,3,0
878,2,2,0
879,3,3,0
880,1,1,0
881,3,3,0
882,2,2,0
883,3,3,0
884,2,2,0
885,4,4,0
886,3,3,0
887,8,8,0
888,5,5,0
889,3,3,0
890,1,1,0
891,1,1,0
893,3,3,0
894,2,2,0
895,3,3,0
896,1,1,0
897,3,3,0
898,2,2,0
899,1,1,0
900,1,1,0
901,1,1,0
902,6,6,0
903,2,2,0
904,2,2,0
905,2,2,0
908,2,2,0
909,2,2,0
910,5,5,0
912,2,2,0
913,1,1,0
914,4,4,0
915,4,4,0
916,6,6,0
917,1,1,0
918,6,6,0
919,2,2,0
920,1,1,0
921,1,1,0
922,2,2,0
923,3,3,0
924,3,3,0
925,5,5,0
927,2,2,0
928,5,5,0
929,1,1,0
931,3,3,0
932,2,2,0
933,3,3,0
934,5,5,0
935,3,3,0
936,1,1,0
937,1,1,0
938,1,1,0
939,4,4,0
940,1,1,0
942,2,2,0
943,2,2,0
944,2,2,0
945,7,7,0
946,2,2,0
947,1,1,0
948,2,2,0
949,3,3,0
950,1,1,0
951,4,4,0
952,2,2,0
953,2,2,0
954,2,2,0
955,2,2,0
956,2,2,0
957,3,3,0
958,10,10,0
959,2,2,0
960,1,1,0
961,2,2,0
962,4,4,0
963,58,58,0
964,2,2,0
965,3,3,0
966,4,4,0
967,3,3,0
968,3,3,0
969,2,2,0
970,2,2,0
971,1,1,0
972,6,6,0
973,1,1,0
975,5,5,0
976,3,3,0
977,4,4,0
978,1,1,0
982,2,2,0
983,2,2,0
984,1,1,0
985,3,3,0
986,2,2,0
987,2,2,0
988,3,3,0
989,2,2,0
990,1,1,0
991,2,2,0
992,24,24,0
993,6,6,0
994,4,4,0
995,1,1,0
996,1,1,0
997,4,4,0
998,1,1,0
999,4,4,0
1000,2,2,0
1001,4,4,0
1002,2,2,0
1003,1,1,0
1004,2,2,0
1005,1,1,0
1006,4,4,0
1007,6,6,0
1008,3,3,0
1009,4,4,0
1010,1,1,0
1011,1,1,0
1012,2,2,0
1013,1,1,0
1014,2,2,0
1015,1,1,0
1016,1,1,0
1017,2,2,0
1018,1,1,0
1020,3,3,0
1023,3,3,0
1024,3,3,0
1026,3,3,0
1027,1,1,0
1028,3,3,0
1029,3,3,0
1030,2,2,0
1033,1,1,0
1035,3,3,0
1036,1,1,0
1037,5,5,0
1038,1,1,0
1039,2,2,0
1041,2,2,0
1042,1,1,0
1044,1,1,0
1045,1,1,0
1046,3,3,0
1049,3,3,0
1050,1,1,0
1051,2,2,0
1052,3,3,0
1053,2,2,0
1054,3,3,0
1056,3,3,0
1057,4,4,0
1058,2,2,0
1059,1,1,0
1062,2,2,0
1064,1,1,0
1065,2,2,0
1066,1,1,0
1067,3,3,0
1068,2,2,0
1069,2,2,0
1070,2,2,0
1071,5,5,0
1072,2,2,0
1073,1,1,0
1074,35,35,1
1075,1,1,1
1077,1,1,1
1078,3,3,1
1079,4,4,1
1080,2,2,1
1081,2,2,1
1083,2,2,1
1084,4,4,1
1088,4,4,1
1089,1,1,1
1090,1,1,1
1091,1,1,1
1092,50,50,1
1093,3,3,1
1094,1,1,1
1095,20,20,1
1096,61,61,1
1097,173,173,1
1098,2,2,1
1100,2,2,1
1101,3,3,1
1103,2,2,1
1104,4,4,1
1105,809,809,1
1106,404,404,1
1107,2,2,1
1109,2,2,1
1110,1,1,1
1112,5,5,1
1113,1,1,1
1114,2,2,1
1115,3,3,1
1118,1,1,1
1119,1,1,1
1120,2,2,1
1121,9,9,1
1122,6,6,1
1123,1,1,1
1124,4,4,1
1125,2,2,1
1126,2,2,1
1127,4,4,1
1128,1,1,1
1130,2,2,1
1132,3,3,1
1133,4,4,1
1134,1,1,1
1136,2,2,1
1137,2,2,1
1138,1,1,1
1140,1,1,1
1142,2,2,1
1143,1,1,1
1144,1,1,1
1146,2,2,1
1148,1,1,1
1150,1,1,1
1151,2,2,1
1152,4,4,1
1155,2,2,1
1156,3,3,1
1158,2,2,1
1162,1,1,1
1163,2,2,1
1165,2,2,1
1168,2,2,1
1169,1,1,1
1170,1,1,1
1171,2,2,1
1174,2,2,1
1176,1,1,1
1177,1,1,1
1180,1,1,1
1182,1,1,1
1183,1,1,1
1184,1,1,1
1186,1,1,1
1188,2,2,1
1189,1,1,1
1191,1,1,1
1192,1,1,1
1193,2,2,1
1194,1,1,1
1198,2,2,1
1200,1,1,1
1207,2,2,1
1212,1,1,1
1213,3,3,1
1214,1,1,1
1215,1,1,1
1217,1,1,1
1218,1,1,1
1219,1,1,1
1220,2,2,1
1221,3,3,1
1222,1,1,1
1225,5,5,1
1226,1,1,1
1229,3,3,1
1230,2,2,1
1231,2,2,1
1234,25,25,1
1235,1,1,1
1238,1,1,1
1240,2,2,1
1241,1,1,1
1243,2,2,1
1250,2,2,1
1254,1,1,1
1255,1,1,1
1257,2,2,1
1259,1,1,1
1260,2,2,1
1262,2,2,1
1263,1,1,1
1268,2,2,1
1270,3,3,1
1271,2,2,1
1277,1,1,1
1278,1,1,1
1285,2,2,1
1286,2,2,1
1288,1,1,1
1289,1,1,1
1292,5,5,1
1296,1,1,1
1301,3,3,1
1303,1,1,1
1304,2,2,1
1305,2,2,1
1306,1,1,1
1307,1,1,1
1308,1,1,1
1310,2,2,1
1314,1,1,1
1318,1,1,1
1319,1,1,1
1320,1,1,1
1322,1,1,1
1323,1,1,1
1325,1,1,1
1327,2,2,1
1328,1,1,1
1330,1,1,1
1331,1,1,1
1332,1,1,1
1333,3,3,1
1337,1,1,1
1339,1,1,1
1340,2,2,1
1341,80,80,1
1344,1,1,1
1347,3,3,1
1350,2,2,1
1351,1,1,1
1352,2,2,1
1353,1,1,1
1354,1,1,1
1357,1,1,1
1358,1,1,1
1359,2,2,1
1360,3,3,1
1361,4,4,1
1362,2,2,1
1366,1,1,1
1368,1,1,1
1369,2,2,1
1371,2,2,1
1372,1,1,1
1374,2,2,1
1375,1,1,1
1380,1,1,1
1381,1,1,1
1382,2,2,1
1383,1,1,1
1386,1,1,1
1388,3,3,1
1392,2,2,1
1393,2,2,1
1399,1,1,1
1400,2,2,1
1401,1,1,1
1403,1,1,1
1408,1,1,1
1411,2,2,1
1415,22,22,1
1416,11,11,1
1417,2,2,1
1418,1,1,1
1420,2,2,1
1421,1,1,1
1427,2,2,1
1428,1,1,1
1429,17,17,1
1430,4,4,1
1432,2,2,1
1434,3,3,1
1435,4,4,1
1437,1,1,1
1441,1,1,1
1442,3,3,1
1443,5,5,1
1444,17,17,1
1445,1,1,1
1448,2,2,1
1450,2,2,1
1453,1,1,1
1456,1,1,1
1457,9,9,1
1458,5,5,1
1459,1,1,1
1460,4,4,1
1461,1,1,1
1462,1,1,1
1463,1,1,1
1467,1,1,1
1471,4,4,1
1472,12,12,1
1474,1,1,1
1475,1,1,1
1479,22,22,1
1480,3,3,1
1482,1,1,1
1483,1,1,1
1484,1,1,1
1486,1,1,1
1490,1,1,1
1491,2,2,1
1492,1,1,1
1493,13,13,1
1500,4,4,1
1506,5,5,1
1507,5,5,1
1509,2,2,1
1511,2,2,1
1514,6,6,1
1515,17,17,1
1521,3,3,1
1522,1,1,1
1524,3,3,1
1525,2,2,1
1526,2,2,1
1527,1,1,1
1528,8,8,1
1529,2,2,1
1531,2,2,1
1534,4,4,1
1535,7,7,1
1540,1,1,1
1541,8,8,1
1542,2,2,1
1543,2,2,1
1547,3,3,1
1548,2,2,1
1550,2,2,1
1551,3,3,1
1553,1,1,1
1554,7,7,1
1555,2,2,1
1556,16,16,1
1557,6,6,1
1569,4,4,1
1570,5,5,1
1571,12,12,1
1573,2,2,1
1574,2,2,1
1575,1,1,1
1576,4,4,1
1577,1,1,1
1580,4,4,1
1581,1,1,1
1584,20,20,1
1585,1,1,1
1586,1,1,1
1588,2,2,1
1589,3,3,1
1590,1,1,1
1593,3,3,1
1594,3,3,1
1595,1,1,1
1597,4,4,1
1598,2,2,1
1603,2,2,1
1604,1,1,1
1606,1,1,1
1608,2,2,1
1610,1,1,1
1611,15,15,1
1612,6,6,1
1614,3,3,1
1617,1,1,1
1621,1,1,1
1624,3,3,1
1625,2,2,1
1626,8,8,1
1631,5,5,1
1632,1,1,1
1639,2,2,1
1640,9,9,1
1642,2,2,1
1643,3,3,1
1644,2,2,1
1645,3,3,1
1651,1,1,1
1654,38,38,1
1655,2,2,1
1658,2,2,1
1659,7,7,1
1661,1,1,1
1668,12,12,1
1670,1,1,1
1672,2,2,1
1674,1,1,1
1675,2,2,1
1677,1,1,1
1682,12,12,1
1684,1,1,1
1686,3,3,1
1690,1,1,1
1691,1,1,1
1693,1,1,1
1695,12,12,1
1696,9,9,1
1698,1,1,1
1699,1,1,1
1701,1,1,1
1703,2,2,1
1705,1,1,1
1706,2,2,1
1709,4,4,1
1710,10,10,1
1711,3,3,1
1712,3,3,1
1721,34,34,1
1725,2,2,1
1728,1,1,1
1733,1,1,1
1737,2,2,1
1744,3,3,1
1746,2,2,1
1747,4,4,1
1748,5,5,1
1750,3,3,1
1751,1,1,1
1753,1,1,1
1754,1,1,1
1755,4,4,1
1756,6,6,1
1757,4,4,1
1758,1,1,1
1761,4,4,1
1762,3,3,1
1763,1,1,1
1764,6,6,1
1768,2,2,1
1769,3,3,1
1770,6,6,1
1771,1,1,1
1772,2,2,1
1774,1,1,1
1775,3,3,1
1776,3,3,1
1777,2,2,1
1779,2,2,1
1783,2,2,1
1784,3,3,1
1785,5,5,1
1786,2,2,1
1789,2,2,1
1790,3,3,1
1791,6,6,1
1792,2,2,1
1793,1,1,1
1794,1,1,1
1795,2,2,1
1796,9,9,1
1797,4,4,1
1798,2,2,1
1799,6,6,1
1800,4,4,1
1801,2,2,1
1802,3,3,1
1803,6,6,1
1804,4,4,1
1805,7,7,1
1806,4,4,1
1807,1,1,1
1810,3,3,1
1811,3,3,1
1812,2,2,1
1813,1,1,1
1814,2,2,1
1815,1,1,1
1816,2,2,1
1817,4,4,1
1818,4,4,1
1819,4,4,1
1820,4,4,1
1822,1,1,1
1823,1,1,1
1824,4,4,1
1825,15,15,1
1826,2,2,1
1827,1,1,1
1831,1,1,1
1832,6,6,1
1833,7,7,1
1834,5,5,1
1835,5,5,1
1837,1,1,1
1839,2,2,1
1840,6,6,1
1841,1,1,1
1842,2,2,1
1843,1,1,1
1844,3,3,1
1845,1,1,1
1846,4,4,1
1847,5,5,1
1848,4,4,1
1849,3,3,1
1851,1,1,1
1852,4,4,1
1853,1,1,1
1854,1,1,1
1855,4,4,1
1856,2,2,1
1858,1,1,1
1859,2,2,1
1860,2,2,1
1861,2,2,1
1862,2,2,1
1863,2,2,1
1864,1,1,1
1868,3,3,1
1869,2,2,1
1870,2,2,1
1873,5,5,1
1874,5,5,1
1875,6,6,1
1876,2,2,1
1877,1,1,1
1879,3,3,1
1880,3,3,1
1881,3,3,1
1882,1,1,1
1883,1,1,1
1884,3,3,1
1887,4,4,1
1888,3,3,1
1889,1,1,1
1890,5,5,1
1891,3,3,1
1893,1,1,1
1894,4,4,1
1895,5,5,1
1896,4,4,1
1897,2,2,1
1898,3,3,1
1900,2,2,1
1901,5,5,1
1902,2,2,1
1903,1,1,1
1904,1,1,1
1908,3,3,1
1909,1,1,1
1910,2,2,1
1911,4,4,1
1912,3,3,1
1913,1,1,1
1915,6,6,1
1916,3,3,1
1918,2,2,1
1919,2,2,1
1921,2,2,1
1922,1,1,1
1923,2,2,1
1924,3,3,1
1925,3,3,1
1926,2,2,1
1929,2,2,1
1931,1,1,1
1933,2,2,1
1937,2,2,1
1938,1,1,1
1939,2,2,1
1940,4,4,1
1943,2,2,1
1944,2,2,1
1945,2,2,1
1947,3,3,1
1948,1,1,1
1951,7,7,1
1952,3,3,1
1953,1,1,1
1954,1,1,1
1957,1,1,1
1958,3,3,1
1959,2,2,1
1960,4,4,1
1961,1,1,1
1962,5,5,1
1963,1,1,1
1965,4,4,1
1966,2,2,1
1968,1,1,1
1970,2,2,1
1971,3,3,1
1972,1,1,1
1973,2,2,1
1974,1,1,1
1975,4,4,1
1978,1,1,1
1979,3,3,1
1982,2,2,1
1985,1,1,1
1988,1,1,1
1989,1,1,1
1994,1,1,1
1996,1,1,1
2000,1,1,1
2001,2,2,1
2005,1,1,1
2006,1,1,1
2007,2,2,1
2008,4,4,1
2009,2,2,1
2010,1,1,1
2013,2,2,1
2014,2,2,1
2015,2,2,1
2016,1,1,1
2020,1,1,1
2021,1,1,1
2022,3,3,1
2023,5,5,1
2024,2,2,1
2027,2,2,1
2028,4,4,1
2029,4,4,1
2031,1,1,1
2034,2,2,1
2035,6,6,1
2036,1,1,1
2040,1,1,1
2041,1,1,1
2049,1,1,1
2050,1,1,1
2051,1,1,1
2055,3,3,1
2056,1,1,1
2057,3,3,1
2058,1,1,1
2061,2,2,1
2062,2,2,1
2063,1,1,1
2064,1,1,1
2069,3,3,1
2070,2,2,1
2071,3,3,1
2072,2,2,1
2077,1,1,1
2079,1,1,1
2080,2,2,1
2083,2,2,1
2084,3,3,1
2085,1,1,1
2092,2,2,1
2093,3,3,1
2094,2,2,1
2096,2,2,1
2097,2,2,1
2098,2,2,1
2100,1,1,1
2105,1,1,1
2106,1,1,1
2108,1,1,1
2109,1,1,1
2110,1,1,1
2114,2,2,1
2115,3,3,1
2116,1,1,1
2118,2,2,1
2119,2,2,1
2120,3,3,1
2121,1,1,1
2125,2,2,1
2126,2,2,1
2129,1,1,1
2132,3,3,1
2133,2,2,1
2134,1,1,1
2139,2,2,1
2141,5,5,1
2142,4,4,1
2143,1,1,1
2148,1,1,1
2149,3,3,1
2150,2,2,1
2156,3,3,1
2157,1,1,1
2160,1,1,1
2161,2,2,1
2162,1,1,1
2163,3,3,1
2164,5,5,1
2165,1,1,1
2167,2,2,1
2168,1,1,1
2169,2,2,1
2170,1,1,1
2173,4,4,1
2174,2,2,1
2175,1,1,1
2176,1,1,1
2177,1,1,1
2183,1,1,1
2184,2,2,1
2185,1,1,1
2188,2,2,1
2191,1,1,1
2194,1,1,1
2196,2,2,1
2197,4,4,1
2199,4,4,1
2200,2,2,1
2203,2,2,1
2205,1,1,1
2206,1,1,1
2211,1,1,1
2212,2,2,1
2216,3,3,1
2217,1,1,1
2219,2,2,1
2220,1,1,1
2223,5,5,1
2224,2,2,1
2225,2,2,1
2226,1,1,1
2229,2,2,1
2230,1,1,1
2231,2,2,1
2232,2,2,1
2233,1,1,1
2234,1,1,1
2237,1,1,1
2238,3,3,1
2241,1,1,1
2244,1,1,1
2245,1,1,1
2246,1,1,1
2248,3,3,1
2249,1,1,1
2251,3,3,1
2252,2,2,1
2253,3,3,1
2255,1,1,1
2258,2,2,1
2259,4,4,1
2260,2,2,1
2261,1,1,1
2266,4,4,1
2267,1,1,1
2268,1,1,1
2270,2,2,1
2271,1,1,1
2276,2,2,1
2277,1,1,1
2281,3,3,1
2282,1,1,1
2287,31,31,1
2288,2,2,1
2289,1,1,1
2295,1,1,1
2296,1,1,1
2297,1,1,1
2300,2,2,1
2301,1,1,1
2302,1,1,1
2303,2,2,1
2307,2,2,1
2314,1,1,1
2324,1,1,1
2329,1,1,1
2332,2,2,1
2335,2,2,1
2336,1,1,1
2338,1,1,1
2339,3,3,1
2342,1,1,1
2343,1,1,1
2344,2,2,1
2345,2,2,1
2349,1,1,1
2350,1,1,1
2356,1,1,1
2357,1,1,1
2359,1,1,1
2364,2,2,1
2374,1,1,1
2386,1,1,1
2388,1,1,1
2392,1,1,1
2393,1,1,1
2394,1,1,1
2395,1,1,1
2399,1,1,1
2405,1,1,1
2414,1,1,1
2429,1,1,1
2433,1,1,1
2437,1,1,1
2441,1,1,1
2442,2,2,1
2444,1,1,1
2449,1,1,1
2450,1,1,1
2451,1,1,1
2464,1,1,1
2466,1,1,1
2479,1,1,1
2483,1,1,1
2492,1,1,1
2496,1,1,1
2503,1,1,1
2512,1,1,1
2514,1,1,1
2526,2,2,1
2531,2,2,1
2533,1,1,1
2540,1,1,1
2545,1,1,1
2551,1,1,1
2552,1,1,1
2553,1,1,1
2555,1,1,1
2559,1,1,1
2561,27,27,1
2577,1,1,1
2601,1,1,1
2617,1,1,1
2799,1,1,1
2867,1,1,1
2896,1,1,1
2905,1,1,1
2908,1,1,1
2911,1,1,1
2912,15,15,1
2919,1,1,1
2927,1,1,1
2930,1,1,1
2942,2,2,1
2950,1,1,1
2952,1,1,1
3027,1,1,1
3273,1,1,1
3277,3,3,1
3281,1,1,1
3300,1,1,1
3596,1,1,1
3967,1,1,1
4429,1,1,1
6106,1,1,1
7689,1,1,1
7698,1,1,1
7880,1,1,1
9999,9370,9370,1
10000,136,136,1
10001,12,12,1
10002,22,22,1
10003,12,12,1
10004,6,6,1
10005,4,4,1
10006,8,8,1
10007,16,16,1
10008,6,6,1
10009,16,16,1
10010,12,12,1
10011,14,14,1
10012,6,6,1
10013,2,2,1
10014,6,6,1
10015,13,13,1
10016,10,10,1
10017,4,4,1
10018,16,16,1
10021,14,14,1
10022,12,12,1
10023,6,6,1
10024,14,14,1
10025,10,10,1
10028,14,14,1
10029,6,6,1
10030,5,5,1
10031,4,4,1
10032,8,8,1
10033,2,2,1
10034,4,4,1
10035,4,4,1
10036,6,6,1
10037,4,4,1
10038,8,8,1
10039,6,6,1
10040,2,2,1
10042,4,4,1
10043,4,4,1
10044,3,3,1
10045,2,2,1
10046,4,4,1
10049,6,6,1
10050,8,8,1
10051,6,6,1
10052,12,12,1
10053,2,2,1
10058,2,2,1
10059,4,4,1
10063,2,2,1
10064,4,4,1
10065,4,4,1
10066,4,4,1
10067,4,4,1
10070,4,4,1
10072,2,2,1
10073,2,2,1
10074,2,2,1
10077,2,2,1
10078,2,2,1
10079,4,4,1
10080,4,4,1
10081,4,4,1
10084,4,4,1
10085,1,1,1
10088,2,2,1
10092,1,1,1
10093,6,6,1
10094,4,4,1
10101,1,1,1
10102,6,6,1
10107,2,2,1
10108,4,4,1
10109,2,2,1
10112,4,4,1
10115,2,2,1
10116,2,2,1
10118,2,2,1
10119,2,2,1
10120,10,10,1
10121,4,4,1
10128,4,4,1
10130,6,6,1
10140,2,2,1
10141,2,2,1
10143,2,2,1
10144,2,2,1
10149,2,2,1
10150,2,2,1
10151,2,2,1
10157,4,4,1
10158,2,2,1
10162,6,6,1
10163,2,2,1
10164,2,2,1
10165,6,6,1
10169,6,6,1
10171,2,2,1
10172,4,4,1
10175,4,4,1
10177,2,2,1
10178,2,2,1
10179,2,2,1
10183,4,4,1
10191,2,2,1
10193,4,4,1
10196,2,2,1
10198,4,4,1
10199,2,2,1
10204,2,2,1
10205,2,2,1
10207,6,6,1
10210,2,2,1
10217,2,2,1
10219,2,2,1
10221,4,4,1
10226,2,2,1
10227,2,2,1
10228,2,2,1
10231,4,4,1
10235,2,2,1
10241,2,2,1
10248,2,2,1
10253,2,2,1
10255,2,2,1
10256,2,2,1
10262,2,2,1
10267,2,2,1
10269,6,6,1
10270,2,2,1
10273,2,2,1
10275,2,2,1
10280,2,2,1
10283,2,2,1
10284,6,6,1
10288,2,2,1
10289,2,2,1
10291,4,4,1
10294,2,2,1
10297,2,2,1
10298,2,2,1
10302,2,2,1
10303,2,2,1
10304,2,2,1
10305,4,4,1
10309,2,2,1
10311,2,2,1
10316,2,2,1
10318,2,2,1
10319,2,2,1
10338,2,2,1
10353,2,2,1
10359,2,2,1
10364,4,4,1
10387,2,2,1
10395,2,2,1
10401,2,2,1
10408,2,2,1
10417,2,2,1
10422,2,2,1
10431,2,2,1
10442,2,2,1
10451,2,2,1
10485,2,2,1
10493,2,2,1
10518,2,2,1
10549,2,2,1
10578,2,2,1
10590,2,2,1
10623,2,2,1
10624,2,2,1
10675,2,2,1
10680,2,2,1
10686,2,2,1
10690,2,2,1
10703,2,2,1
10732,2,2,1
10785,2,2,1
10805,4,4,1
10847,2,2,1
10865,2,2,1
10884,2,2,1
10889,2,2,1
10926,2,2,1
10935,2,2,1
10938,2,2,1
10961,2,2,1
10962,2,2,1
10975,156,156,1
10985,2,2,1
10992,2,2,1
10994,4,4,1
11026,2,2,1
11285,2,2,1
11529,2,2,1
11581,2,2,1
11585,2,2,1
11596,2,2,1
11639,2,2,1
11641,2,2,1
11657,2,2,1
11739,2,2,1
11744,2,2,1
11798,2,2,1
11948,2,2,1
12067,2,2,1
28124,1,1,1
28164,3,3,1
28171,1,1,1
28196,2,2,1
28210,4,4,1
28213,2,2,1
28313,1,1,1
28385,1,1,1
28448,1,1,1
28528,4,4,1
28553,1,1,1
28784,1,1,1
28812,1,1,1
28876,1,1,1
40829,1,1,1
40866,1,1,1
40867,2,2,1
40868,2,2,1
40871,1,1,1
40873,1,1,1
40875,97,97,1
41171,1,1,1
41179,1,1,1
41185,1,1,1
41186,1,1,1
41187,1,1,1
41192,3,3,1
41200,2,2,1
41207,1,1,1
41212,5,5,1
41214,1,1,1
41215,1,1,1
41218,1,1,1
41220,1,1,1
41226,1,1,1
41227,2,2,1
41229,1,1,1
41231,3,3,1
41232,6,6,1
41233,2,2,1
41234,1,1,1
41235,5,5,1
41236,4,4,11
41240,310,310,1
730913,19,19,1
730955,173,173,1
