duration,count
34.739186867543246,5888.894839156377
-57806.182877397834,1.2592702132233584
-57440.01134865648,1.7626907729453545
-56345.19761611181,-0.033751968750707295
-55978.842457352366,1.199288457196672
-55614.550365280804,0.03196662580520471
-55248.84509914554,0.9301491277148046
-54518.110164990685,-1.1383213483908814
-54154.49208584166,1.043148395247597
-53788.10956239557,1.4907924971571598
-53422.981845390445,1.6079441392544984
-51595.7371564532,0.8020928413315191
-51231.9756829377,1.0472635067674603
-50866.1564190912,1.9735498421971225
-50500.67747994753,0.7683948804629008
-49769.86199118485,0.840600106752004
-49405.44201782623,0.7694754006658368
-49040.08342585253,1.5759526913676698
-48674.39182016442,0.846085829409536
-48306.93063744335,1.9006827076669044
-47942.37047021031,1.191601713186016
-47214.152779148884,1.0833601581876895
-46848.02612061208,1.0667558964421617
-46482.80916622733,0.9654487121324823
-46117.75521429225,0.5109614778877187
-45749.624199952086,0.9725202888495514
-45022.35595757442,0.4650103761883555
-44656.32983613222,1.5031437107667487
-44291.92796756321,0.9332937874003688
-43926.201041355846,0.7276465086826598
-43195.51172889202,1.19728935682724
-42830.57322109661,-0.07169324830052748
-42464.35418544231,0.6344063975381645
-42099.527616427564,1.8794668505593395
-41737.00689110313,-0.6075296248439541
-41369.77167140476,1.7457403016792818
-41003.89749821287,0.9316588736347093
-40639.10896492634,0.9292548110908819
-39542.896726367246,2.769905400514992
-37716.87491308782,0.567465464545414
-37351.95331868913,1.9768885185356226
-36620.340505437416,-0.5788079779595474
-36255.95463175013,1.0830698731439707
-35891.53067281864,-1.0056224625509733
-35525.58292896985,-0.10249563277498108
-35159.05682159571,0.6087412792687048
-34794.161030397314,0.8846632452053558
-32603.867609438665,0.8212978825785455
-32237.47283093913,1.928365001267887
-30777.334064396917,-0.9049445205656674
-27491.29426704016,1.9103024252372833
-20550.315498955515,0.7510071840518331
-19821.362757304887,1.1913146379975248
-18224.79017626664,0.5453919666802298
-14707.451570546475,1.1309802927966803
-6305.978269684343,1.6505636231181362
-1192.6351148957815,-0.7019348385628976
-1095.5542929649916,7.66731787273755
-731.0570052107918,8.503091865261428
-422.501738028216,1.4619093808582142
-366.67270901871245,4.705715840716719
-346.31671331637676,19.91717562091617
-343.1721811199597,3.004042046320753
-343.7070281756097,10.817716855532925
-342.8504674405287,0.8732141274718649
-338.45175067492175,4.5476799732012285
-335.9195194227489,0.3377217182904346
-331.53200855313656,-0.38758519798119306
-324.2424834241782,2.9976400949170463
-313.2261796674263,0.6070255374064552
-296.65422997028844,2.438292206653879
-295.87062527725504,-0.7242273487274693
-294.684344921593,2.378417406873696
-294.12274851784997,1.2195064972956788
-287.24939713373385,0.0824862626491567
-281.72706209283484,0.1738656055305443
-281.2163473521723,1.8918833578041692
-278.5827090103149,0.4922995198687583
-275.34201276057684,3.020030877281504
-274.883829900833,0.9521961293805999
-271.72725270366294,1.0221375177174077
-268.7163103291033,5.234388528902
-267.8674516664814,0.038367026717746056
-264.4508993781916,2.967134104875581
-263.5730050567911,0.7885768328536189
-261.96255067166567,0.7908425770864704
-261.26588516578653,2.052297676471741
-257.75966122268926,1.5807794590618227
-250.82439663793355,0.769083739433952
-249.48878785889198,4.424201420162281
-244.57430001234414,1.2984840480943194
-243.0356698368583,0.8736581317452665
-241.06524841210103,0.9929089794268556
-238.76794583498054,4.046119903910401
-236.42598559593176,1.4658433001035185
-234.798401504804,1.0049368087649602
-229.4789240669561,2.613842112246446
-229.04711223649,-0.12277784438079986
-220.2763068126796,1.1397195798200732
-219.5790576342356,2.102784498294106
-218.7011554150112,0.6009439417760826
-215.97603926690462,0.7950383044328916
-213.87060407634698,1.1350321958018341
-210.28364321950002,0.7582598134567841
-205.74721264516475,1.0126370202456791
-199.25594496688896,0.7402087697344071
-196.01044418112733,4.944187873348109
-193.34411129477792,2.040420080543787
-190.53907927802314,0.24627953562871696
-190.5238539269566,2.2329485892237644
-189.40736036587288,0.5233074332764998
-188.66761365262013,1.4438379184609758
-185.7272067715984,1.8678547324720907
-171.814973600402,2.370884587773382
-140.93924637957286,1.446780653288588
-139.80562371638527,0.9528882051282159
-132.49707671065357,1.854936148139114
-130.76596221915298,0.32584664801451835
-108.67026280818692,1.4497883627946853
-102.6518972864011,0.7377155421037864
-77.96718092950029,2.9725140824037286
-73.76958334073625,1.2251601376683898
-71.47848047790649,1.8889919093481458
-54.81246608271996,1.0332811653684892
-35.35785285365784,1.4017709027692864
-34.28311183169966,1.407571244238687
-32.87285854088019,3.8112873511857934
-31.606175574733715,1.0413955309512755
-27.416112155748582,2.138952391778151
-25.763374745245063,3.0047983866841967
-23.502904005202524,0.990069236617599
-23.601482382345083,3.728718288105997
-23.042110162019284,8.013608618208972
-20.43464682305643,3.213287823247807
-19.676173386990413,6.040825677568862
-17.89978975668714,10.065125156127591
-18.32948101112815,7.048258241518309
-16.35963075716788,17.132868159659907
-16.185983104490667,5.101441787897152
-15.500703703029037,4.839299780194483
-13.253235031033187,4.313056203022396
-13.033880565265966,3.8318901246785244
-12.195310855842255,9.41722708458909
-10.356393666766598,8.416027152825272
-10.144987980635614,9.01397676352242
-8.722783380322394,1.1688092789545679
-7.975394894974583,5.983170120268962
-8.25916679954626,7.443142526208386
-4.222726677228186,5.85337610359704
-5.098221781694587,11.760015672957687
-3.7899834716006655,5.282452111887964
-3.757367065526234,7.526767944488225
-2.0830167886994464,6.122838234308979
-0.9331578734422536,6.037357603534292
1.0557438684477267,73.29607786473788
1.8959314397554752,143.69964729763055
2.4752646603071757,323.6401219377077
3.117256599738967,470.52795769945124
3.5385655120972226,608.0836248283381
5.084300584527276,638.934388289831
7.342007171983582,507.2758786688428
6.987839894909248,1377.3425502271089
7.7430793351262075,308.94748237509896
8.94600559594063,1284.9290957311057
11.498311567847015,576.043427730354
10.35116170924706,695.5302335236363
11.848635829825316,531.2813106803735
12.983515173973691,465.2817420809161
14.25084627805538,1060.7269626143898
15.07534646240287,1011.3017188786586
14.342567435270977,3750.271499069164
17.087769746911167,844.6326443484892
17.304459953439142,1383.2372610522675
19.085718259199144,2803.6707149270205
20.259513280575412,1917.9837765304562
21.01454652562109,575.0335075644737
22.460614594010405,821.5595525117789
23.341619577045517,1434.5954847044345
23.946308800286594,1131.3142167913334
23.230913133672075,2359.504686923644
25.687568099549996,2727.464895390557
27.404040347016426,923.6806838116524
28.684348443432533,1049.268719001464
29.33478718850098,2379.9890355517246
29.04876956481185,23724.76850937226
31.070041347820425,3422.177076296606
31.624240662644972,5953.511130912147
33.17645991985923,833.801311777526
33.624237868701286,641.011995153623
34.811819776933525,1201.3934626495336
36.878802296383476,516.0943715560466
36.2559406330912,1641.7792593956694
38.364322229976096,1377.936846747864
39.183720850868504,1902.442619417955
39.36042858309054,2835.4435710998814
41.016654643034904,490.97113947389164
41.38448255253758,1754.973772248876
43.17016617262415,715.2445540287703
44.72833582379184,1876.8773897200444
44.863802799569754,1688.1878062012404
45.848060011285455,2983.2952031453774
45.785931608484745,1592.1785211018778
48.342195887678315,423.9303753313977
48.9017160344115,740.1844250634886
50.06578120588046,1554.3380648588109
51.04735547489669,1938.882628894831
52.2196276588688,2165.1541312241875
51.42422607820852,2860.0816296789044
53.74349391002165,1248.2916530239622
52.720911552482534,545.9746958716265
56.531399138500724,883.048812216014
57.78890568855666,1882.9982451249075
56.94451790127931,2550.072946443574
58.780365449822526,1514.1309336739585
60.777692084565516,4804.401196860129
60.387217431776804,1763.3079298060873
61.65211924375329,545.0329334929546
62.84380214436205,746.7027640453739
64.05785707763224,581.7352482171752
64.45337706796603,1911.8977704854208
66.39782012609929,5766.203023731341
67.9265502441512,1297.016938615556
67.98539458061826,654.2708120046309
68.92948529980579,1329.6936182319826
70.16411330976622,721.9284697402892
71.3596450200555,813.5441132339479
72.802677975397,1003.4768885383219
73.33108556737349,18572.761950606167
73.53362686606854,4813.166099553936
74.60516334266165,5213.549910220361
76.06602511981293,746.6693049086111
77.9518060962912,1806.715778489991
77.95557359079643,3791.114654702282
79.34960154802052,1335.0401647357367
79.97617199304068,933.4798852845202
79.009844708183,806.9757686601972
82.06117352840795,1119.1044870027665
83.38428577153994,315.8553728388016
84.92013495695552,578.5458577107325
85.00517792114604,11622.983453759649
86.14193924240942,4235.470600155034
85.71702289901313,1047.4597283117175
87.20349153314818,4341.787173860437
88.4604038772418,11466.029864813161
90.01710506086313,9395.205323922719
90.4558613088607,9416.959536300985
91.74819983917693,10754.240785137821
92.8485618083513,3837.565794445247
94.27035070643475,817.7361333260334
96.1563892538899,871.3104205930557
96.09347988286741,2303.1926727467785
96.59874050657949,1810.0236281906816
98.2838442645109,417.76152641654755
98.66751959938951,1245.7425662089438
99.84268917733839,13453.485543050298
101.93493613698112,2144.769714838031
102.49170531541267,2772.025836047253
104.07343388609647,1474.1975193187336
104.05677630839045,6259.015834312583
105.01045035566251,3722.043705712682
105.98386860676408,998.8092866564489
107.09989166891415,1440.322064181855
107.22782603703857,2778.5003960211725
109.6287265700254,1589.652877682813
110.5965870338831,1276.161639722979
112.01286968909776,1351.7477042414105
111.24015196341439,2665.4855562022476
112.69551874408403,4151.859778180248
114.28159857713882,1109.1601235756632
114.15035761588564,1117.040857342013
115.92913483342491,3418.8660244317593
117.6290273220468,1074.5490352791323
118.75618819719989,868.3879928313053
118.89998851619752,1687.9040856298807
120.07178110422082,1863.8768955764695
122.23593596332077,1971.0789595783692
121.92148265680414,1774.393985584364
122.77339102859791,6848.86248466625
122.50244947524435,1007.8426746167012
125.56700197879647,941.5446732572464
123.3022180815396,733.8277252186822
127.40689253287249,477.0936630071924
128.26951033248744,2680.17366072926
128.664416241445,1319.1960283413339
130.9227948399266,1304.9295083269053
130.95980801455158,4302.938340775567
131.5860960221285,1070.9504706693804
133.20801081924236,1913.0211898823943
134.0835915168071,887.3397431514735
134.60784606817396,3219.3783461053345
136.0917528585892,3095.5822776333157
136.7278853243165,1510.2151852129614
138.8537129074089,1248.8690588017846
138.64319725176014,658.7863741375237
139.43293914540618,1438.1300046097972
140.93625436187412,832.2829474085559
142.41585862785803,4361.003230875421
142.65833305791676,873.3055543148571
143.67465578280323,1846.7787962330272
145.36461891556164,2641.6665150686936
145.81829856898966,753.2540050101118
147.0751905584808,872.0332239154811
146.5801708615084,973.9444856189579
149.35546349820675,11351.965894390349
150.57110898919686,2443.5802317300972
152.48453178287681,2167.3218382618616
152.28023651981405,5486.048415101083
152.80866828285383,5689.845779956894
154.479139894036,351.3331021399088
154.8205851761201,1067.9335075225877
154.71143043870984,2647.2022427653887
158.06999783994112,928.9179086962563
158.38505118611587,5783.206385844429
158.97583366914293,2980.9641304154034
160.14092529351058,435.7035624851126
160.47066943930938,1286.632046438906
163.67805886092552,660.6146722531948
161.10771985511178,1214.6051956528672
164.54039228545236,868.2480016680481
165.14580093240656,574.7259890865336
166.72043523765402,2874.276481786821
166.852871122913,1187.9413066858608
167.75143174444432,443.3011831124136
168.852546059864,833.040073731751
169.2110594531249,505.57825609555795
172.6191394259394,4873.004562456419
170.38435443073988,870.034994620467
172.63896132189225,2666.8741195501257
174.42281667426354,1741.1197171787458
174.5601292107473,3723.6348025095613
177.5297818016073,2375.903609355935
177.24777856127966,1653.065738632937
178.64784833360702,1132.0725766598416
178.90319154211085,2706.464865997956
179.9701983651273,5711.846409737192
181.26129697204587,1015.8654338226149
181.9948139990009,491.4951192696707
183.06093066015532,5602.944971114812
185.25714333308872,18566.874978619653
183.15683351450184,1753.472011324133
185.97438281884212,1088.3304713493692
187.21744007212894,431.0337812382377
188.1140960998843,477.26884650837553
189.09929294487264,1433.0175805428444
189.62977444011412,10710.867320148825
192.44414906948273,1874.8902123303951
191.24681185688294,1111.4554744512247
193.1707491588077,712.3606011904174
193.916639694814,2607.8535883889003
194.15616183166551,553.2075838908856
194.92898040532654,616.8413198321219
197.0106204537573,391.43679662993117
197.65562902386114,2049.370518741407
199.62798305980624,2096.940834164858
200.36612278454845,1721.8817716443502
201.4323580962413,1547.32564497031
201.19906241830583,797.1048475070899
203.22430686012024,403.59795118112174
203.77946000986975,518.7661414013979
205.25617446647604,771.751599748169
206.4788490899419,1207.7643292757136
206.8540469566826,4045.052684202272
206.50490058157976,12363.835981521546
209.2711044477506,1792.6882301026612
209.61632836575095,1192.4512941779321
210.95724423318828,4075.5634235833854
211.98364779306297,921.7743268509087
212.3569023091047,3857.6635605805377
214.04105999173413,12361.119754695204
214.20854975949973,718.5848973075732
216.0838029006596,907.9193518358279
217.27140320857526,604.6234760694317
217.71737027945065,292.9458431746904
219.5280241832217,816.436692371091
219.99267777291098,4541.640807581036
222.6385799784341,877.225086186291
222.4512700845387,490.90348810779483
222.4914624509319,1758.0704547375758
223.9376221732369,384.6666046736005
225.06566299307477,588.1959415433514
226.07859549573763,1473.1971027332654
226.98218408791584,799.1188837753622
227.18430925835943,729.8388799156007
228.7451629516175,635.0499796885117
227.50720837489462,3810.6378445967866
231.50967912106097,298.87817458606764
232.03766104268047,344.5082344373672
233.64279054686557,724.9536856082967
234.44487106963044,805.6660358036344
233.73414944539948,2529.54569832757
235.70983713823517,1658.4037758577851
235.4356583702768,1637.3608657666646
238.73100132223811,404.2414000295869
238.9243539040948,777.88868319568
239.51984984073476,1069.4032683835003
240.78253860519348,3153.9290125907837
242.45994899336603,702.7313986189685
243.47262058702307,1064.7740558514652
244.66407884483158,813.0545621318745
244.95936778864805,1624.6213274764643
245.9957367525848,813.1200713950512
246.88693916536337,415.4968069201503
248.02754885448067,865.5439318422829
249.2476631572274,4182.925175730792
249.6191236618327,562.9253995071406
250.78963152802297,1264.4488530713281
252.14581788475047,133.1863969271119
252.82976984332126,237.39987782470752
253.72938549012318,491.6953549312482
255.54006941629171,842.6519045890526
254.78507459109014,866.7219641105482
256.8226346208491,559.9517478979086
258.31641180565606,1089.9647811845819
258.9483154081438,122.79511032229642
259.94876118260436,584.390034871879
260.13335085225054,354.3081206077972
262.00773732204345,1506.8507738778158
261.00744941553216,386.90603171072723
262.62774660355836,3995.8075931621706
265.6624471693526,1320.0633405811284
265.6719702265072,144.74322290684697
267.024154570363,201.07103972514815
268.2123150304572,1128.5591289767403
268.5378210239313,4434.154655750257
269.86928926418165,958.0023160663937
271.19207668825726,358.4964789873627
272.99457691039606,1708.020040206697
272.9402238233345,190.2759991108116
273.68805811592904,4399.643277586459
275.1670309364178,1279.788243032837
277.2436413150378,1347.8266221216877
275.61243356908426,376.75325383904425
276.5524290650733,343.2506957018467
279.05181992368273,2256.7236883048463
279.697416876804,1045.9252068320682
279.89661793178556,885.478671321306
281.8988988575462,2606.4747561654945
282.9504716730244,2616.5312597317657
284.0604499307552,2890.9565904372394
284.47149648188713,767.2280265580384
285.84663249422164,1264.7136678921443
286.13363234526196,286.4696351128169
288.11035520272253,203.5296563219335
289.2660983088353,407.4081589411505
289.5753245874559,353.29448818399027
290.17527597010894,687.6455211192425
292.4038478528657,374.49883705729553
293.9433860923204,810.2750278014289
293.8419563113396,987.7297044282552
294.94297666967765,298.14023173680766
296.8059628713738,613.9215119273102
300.3483690005893,1794.3655573747553
298.1498388098284,1914.6971664798211
298.1370240990918,1529.4285707536865
301.2231604654444,1603.6872065472974
301.153197725986,224.78440318662584
301.45027384786465,246.93498125756074
303.8154465928683,1749.231781605585
303.91749327094976,1046.083893717771
304.31847426786464,3495.922105757044
305.9768353788367,2632.7754798445285
306.2119073443019,550.8338906024891
307.9322929210913,119.64680508461645
309.45384879689703,136.86849897055396
310.2210225848967,429.1360957254027
310.7019182410296,1796.733374601317
313.7002241889291,2361.0906910700187
312.5282344164733,576.5280256430796
314.16187301580146,1259.2336831022144
316.51153901850205,198.94433396742875
315.9849400617685,457.1324043282723
317.53572507478594,380.33826725438206
317.940483295266,895.0950285127299
318.80263862702174,2263.609980536225
319.7639977274705,3199.083974924611
321.20199085719725,1458.8566695824238
321.26753205847683,2190.4915026493527
324.97149021751085,262.0962985612814
323.83323284279885,5325.275238418877
324.9672879096858,6726.488823487565
326.0733586766587,4777.583530096891
326.21907934330545,1028.5083554169369
327.9190609592714,2266.771539123479
328.833329081867,421.2340324121496
329.705637762793,13292.745367705233
331.37754377131876,311.7179169032038
331.7587141164161,467.84480138631125
331.93939993600344,6994.562160340735
336.76687303894056,525.2634690998168
335.1156506925371,2590.1562962975236
336.1970140018777,861.0159043841676
337.118768574596,754.1192927343515
337.1081816048141,318.84218046731803
338.7492765838497,15818.851039224166
339.88855108797725,687.57059503656
339.7968661711415,725.363722800671
343.86488329663285,376.1556669915366
342.59215953705746,722.3385176567671
344.0230131573754,112.6322728984205
344.5878608011809,4125.675742760396
347.01823419132,543.1745797174995
347.0262856775479,364.3655448551055
348.69531530034715,31922.453278718607
348.7727776156566,14270.65631722121
349.72192789319286,245.26749047067466
351.15069089256286,87.35314676802213
352.04834193242027,300.1026542190929
353.19778592854334,2967.702279383625
354.03135773582954,45253.51954660898
354.66360622186716,2394.542374506019
354.3310199746331,4091.813987411152
358.00075711274104,1106.8624862529332
358.78508687299075,115.28335660530692
361.2683044953052,478.9782709949
360.05715200122785,1128.9515781067234
360.5845550717392,1587.4926571426759
361.68662933836515,7937.730139042682
362.49881655373036,5506.097308690565
363.29922041841036,11510.456491830666
365.11291649187007,42588.09800309078
366.21673422936396,23017.54352224406
367.34914920881647,283.97151195868054
367.21388121383035,70.48062524707962
368.7407646867199,54.94896598904798
369.40579420338764,344.82896580384147
371.0521455433452,1309.7586603038064
373.57479726912203,63.47672258384984
373.5493306990751,81.92369041379726
373.79368768958165,92.08270147623195
374.6344530641022,115.09806879456211
376.2106589674059,69.19783109028626
376.28175806946865,69.16778646945765
378.42806023386083,52.084110874530325
379.0809878941946,145.77233682325834
379.8400683597261,900.8665186071252
380.47026648711113,104.38538938438604
382.82444196667234,45.002314578835175
383.3231217140396,138.2274672498517
383.6593385902366,103.60775739806418
384.72283924114555,442.0636010791552
386.01267315837373,90.69520625856721
387.3097130448141,422.4511289075986
388.7410296536058,183.59990732383258
387.9352437389134,40.22421819327148
388.8758069497913,64.73415415879128
390.5436858644931,76.43249807911778
391.5431713091175,60.625390231290616
393.45368754441915,220.16898694011658
394.5885578133188,207.79499962254974
395.13862340253036,169.2668381873923
395.9990544890925,989.6682392523093
396.54310545772455,63.5925830466609
396.1141599021609,115.49879214237858
399.2246452252686,97.96419201702076
399.28158317689537,41.80918737015581
400.9638668481555,44.824390709557335
402.1530234970287,47.01814478015429
402.7778845925784,44.367965460787225
403.5478855472348,4322.42915162573
405.75875103428285,71.99758189051028
406.04691143128224,50.457151905947185
406.30654075030645,56.76231064048794
408.59180674713593,46.79123519147347
409.5549074104505,49.05836097269643
410.33578845961745,54.70616311132834
410.9461579361758,44.761513339283226
410.7853912465731,31.90274629108284
413.01943878155106,273.0263454997794
413.9568235249218,113.13859783703441
413.8460467551662,79.76337898014259
417.4076834261394,47.68006699326938
417.4016408827627,74.72254103104359
418.326940310417,46.55989452795621
417.9303262197969,46.85524670893259
420.8816575144519,53.37356412217069
420.6907841368031,56.622835334662646
424.1501690637892,46.37913124386551
422.9333273155251,527.9219670934729
424.19219886230155,53.82153621775425
425.34733609576557,255.7661673231994
425.2415677223173,57.69088890251346
427.0543639228428,60.003792327655006
428.54682841806056,62.16682008005244
428.9277636656863,88.71536106718982
430.01945256539494,70.10430162144056
432.8278714280506,90.6367766887106
432.04750611478994,62.8789309052537
434.3122741175783,163.11623285078815
434.52959117961524,45.941515385087904
435.203857631687,62.81834814358228
436.7484301397326,50.47543143967293
436.43729066803087,98.94811805786358
438.1029194749935,343.0412828525725
438.9350623330068,150.35163824606713
440.28807606238894,49.93490596452047
441.5618518720332,52.38962770518345
442.8052845402347,60.79548691743485
445.13418796123733,232.68077863948344
444.1619884648043,65.98081238132878
444.9329738802081,24.79943321934676
446.54815063812214,44.00736506899975
446.6577686628013,37.045981225884724
448.0712375102538,40.728850629577174
450.2967795878711,39.27444655548068
449.6551369186864,104.26379627127751
451.0208438462862,38.04172037716521
451.865800930839,33.0312293806503
452.08154646866126,37.354835339973036
453.93818796032446,84.44802270502004
455.73903479179216,36.07865727157978
455.8461778339052,413.5586096022532
456.8839202331769,83.4018020284238
458.3567077471039,56.16069488077913
458.54601673077315,32.55204539681358
458.6983129378905,42.513287423349496
460.6851619774177,28.342953216211477
462.5326573863914,377.36511340759
462.8632524532732,47.36426988074937
464.24737346804517,32.10468293316009
465.37824697790916,66.5865737379203
465.78606756489603,40.5620646297595
467.37314379719635,173.8355822307413
469.8426811980378,105.00397007021957
469.1256833214617,53.48041467581331
470.2384167164763,197.91079172425816
470.8448814286729,56.50525145228419
472.28799016689663,111.1059228484756
472.89921801107516,26.281525593552356
473.1157035878874,19.46729366595462
474.9918478868282,46.96365368636953
475.3448490362906,45.348378426820794
477.555934952045,127.47353235731599
477.98299009636844,36.99259031232768
478.4477919828103,53.03202232233437
479.94270474091786,42.48376240207604
479.6378519237379,37.859792865056704
482.6770768004618,42.07032217760006
483.2623759081206,28.2510577396558
483.98749022262433,53.7954543655534
485.37322089824295,1352.0241736169348
486.30096214974975,84.42161015535507
486.65648848163784,29.644093207475954
489.0361147323034,751.4979037145843
490.29212066000406,84.42929537082301
491.52478784092955,17.49924945820341
492.19624578852194,29.26358045330899
492.46323544021584,27.15707204336843
494.5002301982171,290.9995262908852
493.65915058120225,926.3745455400676
495.60918684764465,34.09604846920973
495.0021576715487,39.20661994896514
496.7393147090572,37.10301166375723
499.19092706324506,23.38227369778017
499.0183155630735,172.66567176031148
500.0274589028132,50.853911386298364
500.8274875928307,58.389662174362314
501.62082390602194,23.186081223095794
502.7171669096478,27.723503697850816
503.2040263302894,22.71203412656664
504.14041580869167,25.958990571878918
506.45677622811036,50.17034627093549
506.56794040951974,34.93377396882074
507.87637903060306,18.248600021765107
508.86078454243005,28.33196423899887
510.33182358469645,37.06580976900373
512.9841876896729,30.069549558987923
511.7234336081617,41.5452336697487
513.1825106590935,34.24263332675999
514.6809428622994,71.30801112733336
515.5037649098634,33.238657130265814
516.4370927626541,66.3037317109962
518.0948050699757,99.26322312488055
516.6817596233274,34.431577308870686
518.8255556285715,137.57083800738224
519.960904802214,42.32943841349065
521.3096364521159,245.17326224127817
521.8274231681378,18.791983438892238
523.9092380486413,27.94577555685272
524.4924780203922,40.96142866023655
524.7314191090182,21.43112627448205
525.3964093439276,29.01117899767064
527.866607920425,43.97279422328469
527.4815504065447,34.848299814652634
528.0290860836702,30.118367166226005
530.7182329646372,28.943551530742354
530.9681689053747,80.00560454881773
532.3016938543348,30.46416324553076
533.3255942664451,26.370991793720897
534.2549390553244,46.35083516332406
535.6091893870004,46.25273228845385
536.213416443976,27.281475785189112
537.395129316613,28.97879735353368
538.0003323541291,46.88611015263372
538.6462838042003,38.338850701017805
538.4879571215454,39.44274433631564
541.0388918581142,39.87705946034229
541.9505562306559,31.26531804932398
543.1863860436802,37.72016134655935
543.371766158161,25.186983796711065
544.6546021085476,26.716048030848896
543.9640199097751,51.912031682852884
547.0481781733688,29.157048652377853
547.4996820769908,147.78202449288094
548.2581738977071,31.89299012718537
550.2420885777607,28.8026078720981
550.534025611519,23.01411080189357
552.3074499252148,30.051233199040315
552.421065716652,29.704728209794602
553.8888735915987,26.814238502326834
554.3880173032832,34.935867538826635
555.8459651097509,48.09536463642852
557.3641107700378,20.62227264675058
558.0944768954096,28.903447574562946
558.0252014327783,34.39107914783539
560.4449121916783,23.58189562922193
561.0180933282612,22.035926421913537
561.9227431972598,13.910815068038513
563.2286637297176,30.303039552340003
564.392734179414,14.599955844811264
564.6144723081297,9.865431246746079
566.0631685859842,31.82100556506606
565.5893837278849,23.775196103399765
567.8491338366154,30.277740887276863
569.1342715577181,20.299179896882066
570.3280074466218,25.276676857888148
570.9091441411008,29.351295868014898
570.1251862297847,25.740429091889332
572.7452664624951,33.217622617784336
573.5132806633565,29.966445529693363
576.617372939662,39.850027138623425
575.5580865538318,51.985438225925
577.3012854828603,40.01346524443019
577.9800272115267,35.17706451565471
577.9928296673595,45.111220092558504
579.2152637508491,60.772463680339804
580.1047903104139,38.08229274075288
582.3138578688234,42.01840018573794
582.9283515041614,15.589028032597565
584.139587047701,38.08208933373921
585.7879240734779,17.124317332301757
587.7859867242736,14.79934233082691
586.929141061793,20.956101063518734
588.4009327653345,20.555519282830243
588.9404988380677,17.822711368192167
590.7738946389655,26.04808419641385
591.33902188124,27.96748415982554
592.265813037598,11.472005933151463
592.6883970725094,24.008102442780793
593.8566110481875,25.418156311664514
595.2249461357428,25.33475617572201
597.0624647013897,35.72005347915784
597.6402720931019,17.59229796314062
597.83144728584,36.90365954920319
599.7463436511948,270.4773845398707
599.4100743699767,18.90490571307921
601.3942759591314,39.40894962432852
602.1267684108109,23.15677118131913
603.0774224640294,24.922539315750694
604.7852297454352,34.881818582743264
603.875512425289,85.07394903319104
607.1309424074964,30.098472179948676
607.0700853552568,106.35532204704472
608.803717880583,27.512097335800753
608.3902670292908,49.037779763603986
609.482023983066,39.00988012335189
610.3839208251941,23.39361812577351
613.7140429582556,33.26754103452888
612.963394437312,24.915188272870882
615.1037872175367,23.743778408525877
614.0551444517031,32.92462157495306
615.749555328253,31.021239041754257
619.9938318727169,28.107052727230577
618.4891113985342,22.845092149077825
617.4130956919416,36.44426686968026
620.263096344466,30.008069319601574
621.2556510295062,49.05487097775816
621.6707923414363,93.43503679571211
622.896133456477,29.371909761400467
623.6881154299848,21.570605698254557
625.1166615076486,150.03699947133848
626.7372326330095,29.855301128205767
627.6342956388875,48.508491017078825
629.399936777179,25.917498779670176
629.393531789602,37.519296935501536
629.9968114332102,27.33782578222539
630.79807552975,29.144911853116632
631.7777825193155,20.97079800266747
632.5987282729636,41.05021418194768
632.4284660361615,23.01953839451645
636.671222026657,22.163558746392678
635.9919853334566,24.094092895935777
637.0393942486063,245.0636577197689
637.2678234151596,53.8957910858594
639.089272721608,84.85025628563058
640.3227650190003,120.0567949451158
640.9674133264506,31.70970280347059
641.6273881628421,40.006392202985744
642.9811830271132,93.39019797369852
644.1404788149786,36.458320355279014
645.010059614051,37.77867493042161
645.0940368593605,33.35964622605869
646.3627329571817,34.09290308777671
648.3116113199555,11.60086993238888
648.3897575562446,18.64321320124926
650.9772823798031,26.66067816581578
650.8894847699096,30.00780208907606
653.2344667723745,23.12732803254616
652.0763281836981,17.26641196370159
653.7399083925261,87.36901987624532
655.0904023778617,34.49564057657347
655.6280389088911,19.211009212567717
656.6289781799587,22.10856601954319
657.9694652491363,29.32208269854261
659.2724233951598,35.50756037575113
659.4478293470779,17.98763613767862
662.2326343007165,76.45335850362652
661.4952444929131,20.033976111659193
659.9956717925659,18.108713959822126
664.2872152862926,34.919105277195655
665.318201989686,28.98659906948665
665.7608197896147,35.19104279499015
667.6633418234766,20.05140331757497
668.4840673545457,45.89253986826791
670.1624209251038,33.61541820944268
669.7238467376625,23.43015961536943
669.1456045592074,29.462728704317765
672.7521470035051,36.10343310630977
673.0490839062315,27.047547194710024
673.2982806968852,13.103432940487838
675.1376778136124,23.771323154398647
675.7907229203598,17.05744822518278
676.894281717882,21.889187435888253
678.2638681949234,87.63341091810308
678.1191144116159,15.708479326890476
680.2605345669461,24.7589321788566
679.4280892645685,30.745373886802508
681.9015002976012,36.27559987277949
681.8359462579424,20.85670081886208
684.0655038871784,22.15505332328751
684.3150740942492,21.164698746574526
685.9740570451183,29.10463946885426
687.0551335156925,57.70151884613047
688.4125086608104,55.31965467198915
688.3264928651713,40.965313303297854
690.3847220975916,10.530655885642993
691.1820162375774,23.55932956811965
692.1872648942551,3729.580638551649
692.8319621335089,17.936429567755212
693.6053108791315,26.705443616228
694.6853336751278,703.1219239134097
696.5822701938097,39.30799821062244
696.2845114575085,27.579766253545724
698.1605876684214,31.294012084156744
700.2974917164389,41.55019057253925
699.8435100634648,220.12638860151512
701.1223069162787,42.8830543023353
702.0456276105119,57.690269213431336
705.351742627622,27.41760748953374
703.7439307541107,10.255175103501958
704.2955025827764,13.896252524916457
706.2021034221558,22.900436884804236
706.8935422214686,16.703692821966996
707.8830238698334,28.159225990694587
709.0360732752923,15.823908480020856
710.0974904298907,26.950002882523453
710.9177746890821,14.38807330560897
710.9693451581234,36.00929565577784
713.1754273113967,15.93793129988317
711.5281171774324,25.897633411784636
715.1594662467705,19.657767698403322
715.9971627306627,27.490940360202735
717.2233604050298,26.90057346460637
717.7459095408418,7.885734694832665
718.594275091683,11.318870451184853
719.7758170530078,24.18192663365114
721.9698252690199,18.487370585554654
722.1846910714644,28.63697974245349
721.841060215454,37.07111734429472
724.6653219005791,44.635860364703206
724.97747491982,16.047054247364997
725.8166621168737,32.853763977481734
725.9791514546187,31.866629193483007
727.9663453597636,94.37962202909425
728.966357928831,194.20488401706598
730.5601037635479,37.668767739299824
731.4264592110471,2642.724643525318
732.0172036734548,3.6469270696159426
734.0212791160958,14.616657073323049
734.0885592916756,17.18641694485537
735.538777880241,16.001923147577962
735.7835784564528,20.45351998486415
737.2427790829679,14.455296850067011
737.2820263760118,10.1953861552066
738.5924051619672,13.041110586630671
740.0726948550652,12.035399017986407
741.132472007703,8.475797179856686
742.1879900754265,27.644732147115942
743.0133687772977,26.25618833979807
744.2490661829755,24.74358673849741
744.7462314776445,51.8439573676047
746.4752701620126,85.53037456919078
747.5088352404307,525.8023942411356
748.0665676787427,17.839072865847417
748.6087777047458,11.525119833509708
749.198326208367,62.029309172139804
750.5658389742125,15.739924062841784
751.9846467791441,18.523643868769824
753.1115361525116,3.7872901240202665
753.9500959197889,7.1094637827763085
756.8279187278991,8.747736000924997
756.4128295404353,15.939033200202065
757.0922189988609,19.522766103406045
758.5710145567896,23.95988795120502
757.9662058303225,37.681956692459316
758.8713791390695,6.500119338916909
760.9365755977766,10.506197321776568
761.6091320001382,18.050634379966947
763.918367040659,22.536452857578713
764.0585438065274,13.291956076099794
764.7639513793979,14.954177382222325
766.3878014107455,14.33230974421157
767.0518994626456,4.507994828143217
767.9858869315863,4.053075325202029
770.1364500012177,15.675684524270817
769.5514285793729,8.937072422919625
772.4951683048988,23.240166051967805
772.48643117413,18.317674722927613
772.7368598822998,18.590655831731368
775.7921927857294,6.735259929837607
774.8013103400157,72.1404587972171
775.8035091140686,14.515369985988068
777.794930624876,9.864953253538985
777.9062549223609,198.96474522978923
778.4728111645853,19.83141873359792
780.123604930256,17.200295681489223
781.2634081846211,5.017664786487078
781.5803401256505,4.073319889341443
782.7826516992966,18.126045701681864
783.5038425889181,13.933633941628294
786.1139368037645,15.811863226073315
786.5577010261306,20.604310452451504
784.7849547312466,17.92344549838047
788.5837648196638,5.689624477787427
789.753690416235,22.94867056689813
789.6789724403178,9.58444966782124
789.5425860500568,10.313938904242438
791.8450089921349,14.373132695078594
793.5405748108936,13.272844513147552
792.6923964072124,20.245806559355024
794.941971737953,4.931145115381742
796.2771562740865,5.310162921810168
796.627046250013,11.464066528707418
796.9620237886184,5.285047539806014
798.7210687499256,3.9987971641512154
800.1810432669402,16.1566986638371
800.4802386328486,13.9587508914401
801.5461983381904,4.094774654794931
803.4223214197615,8.769899414743243
804.9786856642231,13.812184108025788
804.8523622110181,44.58785750854209
806.3539619965128,15.622927305339847
806.0322352301561,7.1499669576052085
807.9521699322507,21.60560168039671
809.7371135046274,2.947200569580077
809.362603482256,5.403199579493109
810.8193044186319,23.61024693501661
811.5376680860503,22.135644585693854
812.7643140103214,21.388587671224183
813.6035136743169,20.04976764932215
815.2107917393986,21.11761645295969
816.9818982731011,4.599451563877919
817.4864265391844,5.991397547507393
817.7807365147157,116.50860405102887
818.7149673831495,23.113966636520153
818.8205855194834,1017.579015092458
821.2669925314357,27.260162324545995
822.0918387299473,24.081177494425543
822.2268713797843,5.606308839077334
823.6067462024486,6.014264438948171
826.1789813430822,15.479532471365674
826.5341156033184,6.7397951937453415
827.9682860218902,7.761536168935213
828.1331724428243,19.174791145663313
829.589729908535,21.607534941480832
830.4875532057891,18.141784046006244
831.093245095902,87.47748686960735
831.5610929326263,81.62244487145833
833.1262417302996,96.82022080211338
833.3069678396195,160.21909793077452
835.075587740794,408.14002591176353
836.1554402680442,3066.15799824697
837.1968699162253,2.2885966666352373
838.1710547802143,7.169406323383173
838.5915228226032,6.458368735846245
840.3118841126071,2.5035590000890053
841.0158875908547,1.2138933490306933
841.9264533542134,1.9351934883044335
843.6639439774923,2.537426771836341
843.7712797528034,4.924958562040548
846.4123849748992,1.831440224134903
846.6859754917189,2.577892498032471
847.6314456623824,2.99202234910062
848.1616528972983,1.6341324002922355
849.6561957539094,6.619749874085287
852.9532436227593,5.330609533193569
853.6311150273509,2.414592360748077
853.2690956318752,1.975358292612627
856.3152756978528,0.7954186540356268
855.9523156222587,9.245728546430913
857.1846402286575,0.6038770569975234
857.9734980988025,2.717071998027298
858.9409555541793,2.9453575486405654
859.040919931516,0.8525104503419104
861.0026060663542,3.7126798345152
862.6364064853828,11.638466889269765
862.6309614170257,5.445728286182338
863.6017445193537,1.1424628345034258
864.6571298346995,5.020850017767937
865.1347174092951,1.2890735375320364
867.8314882847262,0.9040261388019466
867.7908137465198,4.703177656824458
867.1683769322815,6.438413970611816
869.726652926064,2.863371696769105
870.8533732349266,2.9127088777462165
871.6354948300718,3.132549857559037
872.6615353483264,2.802792870972479
875.8230710133519,2.990219484736305
875.4857853149798,2.9243995735794566
876.9493290430514,2.689090852589483
877.9136404973427,2.022573514168466
878.7572297121076,2.335648009539189
881.4266258051134,2.1722249945902217
881.1306489722164,3.711072487190875
881.812720391793,2.0190311606183178
882.924096353255,3.0667037174494807
883.6355184456802,2.3497173072727815
885.1561730666083,3.394923954211511
886.6209562623284,2.987081526924915
886.9395647233988,8.102106964613434
888.3556245573315,5.172535957084827
888.9912223037132,2.6343620437624176
890.3679388617844,0.42290625484880184
891.5236181251591,1.4778103423671198
893.6376734314315,3.473376976120998
894.1057003224545,3.028951406318474
895.2772164910192,2.336958316547699
894.8042094162386,1.1916902455244394
897.1564084690698,2.1307993820400526
897.8300598585585,2.773766642358097
898.69945887645,0.9633922166664345
898.9821218706506,1.512508928753992
901.5445412484838,1.0329062330538787
901.9051587323876,6.324806343455791
903.0679452482894,0.6561927576938955
904.0215559101727,1.7762853686965532
904.2820225838925,2.2789511808345377
907.7994714830302,2.016656928445156
908.7763761229799,1.1303990287645327
909.1561474327372,4.7960940845833395
911.7476516841067,1.4362098712211633
911.7144432957991,0.7193334283352895
914.1940629967961,3.2350099902933023
914.9016878219959,4.364887197752501
916.129701359457,5.8240806312648115
916.841979582468,1.3883187373706365
916.3772057604922,5.650432047267515
919.606657433996,2.211922703865404
920.286534201974,2.250796405886516
921.9289397903857,0.6968550350751394
921.834699955861,3.105682228616968
922.9175620634953,1.8470893558714392
924.124264920337,3.465870416996287
925.4909663635439,4.98131205398843
927.4003671162161,1.7146903601191719
928.8842695563856,4.811379020401763
929.0607131684233,-0.825509041260619
930.9487370671151,3.3561405426584994
932.0639455592906,1.9562675224663697
932.7515074720302,3.9167030808664984
933.7081937196685,5.797890664830571
935.7030085453636,3.3791172678749644
935.3496713276754,1.1468623699833893
936.430901405612,1.0109244412221312
938.3291702834484,3.3624154663257397
936.871360407639,4.440971357631474
941.0103833684312,2.3019284800402415
941.9025471970115,2.243275181939783
942.7487846404648,2.1000855817620696
942.7045395007758,0.20053659414751923
945.460922604308,6.9868557045464765
944.4947182452685,0.7667395461108861
948.1009075610966,1.2974075380325139
947.4705554815954,0.001511785514069608
949.8449970055668,3.0404658731750813
949.3233119997345,1.1866366770443453
951.085543666501,3.3898521366905876
951.9376464789362,1.9610856352027504
953.0476609662942,2.0047234254907185
954.9157524963986,1.8538522636831223
954.0464728545124,2.0470130132790585
956.8079646720295,1.8030252708786312
957.0416829584088,2.952827887924614
957.9151338577228,9.865358627427252
959.6505722698558,2.374922418089627
960.7182412012194,0.02866716575093997
962.2034646686292,1.8200141905681886
962.127344167503,3.3967004653301878
963.1554180853766,57.6905333523038
963.7320357077293,2.033622447608848
965.2413283851084,2.8373577737112416
966.2640137035534,3.1446033238124977
967.3289619278236,3.2419806895890093
967.2637222380743,3.1957152803907105
968.84592438618,1.6634405625436064
970.1178521282673,2.3668263894370978
972.2221135823456,0.9521610888168308
972.2211175974952,6.014420817181226
972.4413036629733,2.5650201931708745
976.9011350434047,5.265107553148294
976.2721849599418,3.493890941795045
977.6385610664071,3.2311940737564115
977.9663007656765,0.7122060326790185
981.3549614563626,1.9024586710884064
984.5902654801752,2.0730690618285945
983.5109971501146,1.3229908728681568
986.104752375443,4.562114980149863
985.6888461612234,2.031827948716553
986.0854151994248,2.480506269219019
988.1613826010084,2.5714065087218194
988.930085547307,3.142067731960946
989.7854863368902,1.6382986733955238
991.0066464275288,1.5494052010603516
991.8284330400894,24.597694970739404
993.1012705033473,4.937986040551426
994.2440492363205,3.3756536114806277
994.8395179018075,1.2601258945025244
996.012806883378,-0.2680212650871143
996.7152018349633,3.8375739609552557
997.9392842084006,1.8271275620930594
997.8249746150477,4.519511993377993
1000.007920296724,0.9997599838822206
1001.4162172838991,4.1623440121189095
1003.7918769300825,2.6315328430769265
1002.6509760883853,2.341160284868595
1004.0390746260166,2.3650209462172356
1004.8138996020317,1.126580487335569
1005.7752469349003,4.786864722157162
1005.8414195358781,5.731866229537343
1008.7185043725248,2.2415110554793123
1009.0566562916995,3.2572264062713945
1010.5354346228999,0.7698424293361091
1011.0959129851406,0.9352712777118065
1011.9358582402759,1.9950723875305494
1013.246580367008,1.1084867338638618
1014.9265003078254,1.716759813598839
1015.1047009202849,1.0415020272657005
1014.8176837939956,-0.17476210673621506
1018.4292761010846,1.25379437668147
1018.9630991497518,1.5948562246133693
1020.4176532917795,3.249835621625553
1022.4911861801195,3.00936643313695
1024.2614555946352,1.8025005429248047
1027.540973854287,3.851886427807915
1026.6814725975223,0.3948975586094823
1028.2484063961792,2.750243474700407
1028.1014310834641,2.071313554700867
1030.709093067535,1.2956796966963342
1033.1223360660017,1.5609487441742012
1035.3557648125966,2.9437501053213033
1036.0071831288137,1.2302561393117184
1037.289394081149,5.371918673199896
1038.4637921947833,1.5550131769323001
1039.1202538279265,0.48063868883375416
1040.7528185590304,2.9385443783263803
1041.8969520461217,1.174357577305481
1044.4084090719587,0.1472144168549323
1044.297701330965,0.9671868371199513
1046.0619315560905,2.3199793239211433
1049.0249188074654,3.2012102294047846
1050.06408062672,0.6837400454759368
1051.153133979562,2.389130737642113
1052.163951263905,2.9684364143413897
1053.0936670744413,2.374976997768906
1054.1647185691406,4.470114285693633
1056.1643846862903,3.6957934444561484
1057.5057736090855,4.302399820416632
1057.7215802963374,2.017205951870646
1059.2999946758607,0.7694300211653488
1061.9211465201215,2.3646276886268423
1063.7451559153262,0.9574547494794347
1065.4935188590125,1.273901006304336
1065.922563029366,1.7656418819391857
1066.790668457612,3.775579855485057
1067.614929103046,1.9927220375266557
1068.8479354356082,2.79708233993327
1069.321278562686,1.7587938493577429
1070.9843228865677,4.177495453824348
1072.1940484444651,1.8078205690682543
1073.0519815411744,1.1844650496853295
1074.0996964535047,35.2097024553511
1075.209005605115,0.6905772932650945
1077.0307774718378,0.9767775571785616
1077.4678100473047,3.614824403509722
1079.1435380973212,3.8684963282650067
1078.4346997063496,2.2007491548232836
1080.120987807708,2.3688567726615295
1082.9754923558062,0.8043696796523878
1084.5083142971537,3.6004066968155617
1087.9920650115146,4.211840143223475
1089.5222219195941,0.9847315653841108
1091.251274581521,1.4885727569108431
1091.1198175436255,1.295294970654642
1092.5757525968047,49.058510083021524
1093.4241566214066,3.3638614421822557
1095.4469512902203,1.455396708277876
1095.3513583431677,20.298592125014764
1096.001884048985,61.251983081200514
1097.7436346552292,173.19634789652784
1098.238762208501,2.4348370355649216
1099.7030059762803,1.176485726769648
1100.935163483216,2.9816272418398704
1104.2795995021922,1.5347299362147049
1103.4507515311907,3.553114617093471
1105.1156693001194,808.7859748396647
1108.6425190361565,403.6814633554376
1107.2195554384584,2.70750412285233
1109.031889704353,1.1717222308286304
1110.3919419099484,1.795616279235706
1111.8482540390912,5.228175890259618
1112.962942012167,0.5106143240338091
1114.1563429617638,1.7580484382676684
1114.5322958008587,2.534765457312731
1118.0200962654865,0.8691696007662044
1119.7834982052611,-0.1335323292917614
1119.8738663360298,0.9165789058566383
1120.7419638783201,9.300715929908954
1121.985863596124,5.772474798042781
1122.077952763559,3.0884304120385164
1123.60231075817,4.75262271453461
1125.8258841286136,2.4437479857633027
1126.8210635612918,1.1573158589128032
1126.9898696560829,3.8814185564320307
1129.8962026541556,1.0596564887989524
1128.9621868404497,2.020794634764576
1132.2958368419752,3.2909893599914097
1133.25547333717,3.9457269493615654
1133.6667521077095,0.36008561769688063
1136.7426138259575,2.8377588270539515
1136.6878544023762,3.038258812393825
1137.1383411467514,0.17681813389025913
1140.0486569333332,-0.7496501456229836
1142.028315179,2.764199631449087
1142.9199434267039,1.1787901196882205
1144.4066933221914,1.959054226141132
1146.3973301586368,1.7478912750408617
1147.624658892892,1.0102028143577064
1149.869437268285,0.7906288660370383
1151.3778478890263,2.8602230618723192
1152.00403066552,4.195880450955796
1156.6296824871054,2.0721367996894764
1155.7186857391264,2.4425870777575143
1157.9132326230383,1.2174905362061375
1161.2901340685037,0.7042021453816922
1162.6776213390867,1.3229862631440694
1165.1365842499767,3.0342960716590857
1168.677404037527,2.464860355804236
1169.1781545425579,-0.753321361873077
1169.1505450284935,0.879279672419356
1170.5434451489025,1.5969252640943818
1174.0126171272448,1.637672556283777
1175.9988980447479,1.289365281234741
1177.1835591242175,-3.095907226397519
1179.7560008691635,-0.4978920279658001
1181.8322427487362,1.322819077319974
1182.1924571962763,0.4023057848704268
1182.4851234137332,3.3743771903847595
1185.9835931711818,-0.06767154478611581
1187.921866015288,1.8648459738300045
1187.0285970693537,1.0810055783103523
1189.5308714559083,-1.5580282629186524
1193.2461716032471,1.5219019000420746
1192.2976799115881,1.9766561597270467
1194.6454773001244,0.8196706683048809
1197.7992316957718,2.114122996021178
1200.2125497045865,2.2874787750767855
1207.0953795073665,1.1463616892471178
1210.996145623501,0.8194648779605846
1213.0821159301115,4.095443654548888
1214.3251500151973,0.6841683363516107
1215.677319089883,1.0797620482624302
1217.1241000948773,0.944664413124538
1218.1491309998808,1.1660585768705558
1219.1192500670606,0.6426425651398564
1221.5324696481775,2.1324221646481187
1220.597024656857,3.784500735038101
1222.4809458397233,0.9245146114162035
1225.6402580166773,5.193214510577442
1226.3213197202676,1.2139234479977998
1229.14846047932,2.782589847376822
1229.9257949571106,2.137768783141762
1231.7111333766143,1.436418285699158
1233.6319057337207,26.479390063060617
1231.9519790701756,1.4337740420270908
1236.7691665454327,0.7001661874210737
1240.0659762398325,1.068690858260407
1241.0341514353108,2.0054449929772264
1242.5615725043908,2.056719063674966
1250.1328268400648,1.3011502475601513
1253.983808135783,1.1904530883911224
1254.3234910462943,1.5326137070424124
1257.2338819836752,1.8713366032127268
1259.6343090420708,1.2338788776951353
1260.6516927910466,1.936763239693711
1262.0161643392519,1.5990283363116493
1263.0690421690956,1.6573396079897207
1268.1298180837805,2.073116011184337
1270.8419761914356,2.9651099775970655
1270.48938603088,2.0031633512000617
1276.9666967206688,0.9591937844781907
1278.7651019475986,0.4890301147281857
1282.8179719201942,1.9331927726599494
1285.7962812400483,1.9917221603503612
1286.8968214388233,0.9742413046874845
1288.8728497776583,1.1375820285435903
1291.7872319622306,5.347799891045941
1296.1754729570189,1.611403225090599
1301.189744757996,3.940954572247756
1301.4086193400358,0.6869578440801857
1304.5182471554185,1.8871791973608287
1304.3106306493921,1.5167599163085206
1306.180932177729,0.8729783962096586
1306.2597283044186,-0.08431945389722073
1307.8701755323295,0.7813188005946473
1310.4051374046705,2.265269010343501
1315.5078525437434,0.2728169744616198
1318.611090528017,-0.4968683638522742
1318.8983401850267,1.4228820910853155
1319.2512858622088,0.5625166553456961
1321.9978912351828,1.0397866809054028
1321.8838826849792,0.9889048948261817
1324.698955579739,1.2463909426092084
1327.2944747088277,2.193692923161639
1327.8869163342722,2.666468897306837
1330.4534840430545,0.5197360739068966
1331.2617961465628,0.7196586549159556
1332.0054248180845,1.9723785289179665
1333.2998615195334,3.5275926922476324
1337.3724934299287,0.9573064509256027
1339.7837119315095,1.2295955510647933
1339.6806157964818,2.064400799936529
1341.2854441711827,79.63918618698754
1343.4904501594074,1.0356518933164076
1346.699145759845,2.024250614757076
1350.6747294745412,1.756542813606857
1350.2950998743775,4.519425166309532
1353.3805172930836,3.314079433982434
1354.491681521365,1.039032310056825
1354.369547412212,0.021242459825004167
1357.9019298760422,1.0988114206283484
1357.7674153672222,0.9619449164321042
1360.040503204545,4.342083467496728
1360.6492552354819,2.348440146628379
1361.2969813364934,3.061007135161701
1362.2041820689587,4.351515996236238
1366.4022456385883,1.5024254354383442
1367.0413763469733,0.6034378478235037
1369.3357599311641,1.4371461886919927
1371.3324252052275,2.2335888411044427
1371.9567392290191,1.2250382562468332
1373.9490352447751,1.4174139931286454
1373.5841722622329,0.6016660790706103
1380.258755844935,1.1855591712405396
1381.2025881950547,1.8490907903431002
1382.4383794413868,1.888972360566576
1382.7443441557998,1.153038611593774
1386.187841893541,1.2155740153883494
1387.7970330429644,1.8257960286282375
1392.0737747686208,3.0112883237245076
1393.0784423799948,1.95046492631573
1399.105437396964,1.943037618627798
1399.9408700036242,-0.7996718434906853
1401.3707525240586,1.604993574822794
1403.254506455244,0.1118482415384009
1407.5069785012706,0.8139127881315428
1412.054391031664,2.3354241148381427
1412.7532388400507,22.197305994507918
1416.0064764637175,11.011978139268061
1416.8584749135775,1.9027617805078814
1418.9424508265083,0.9274367109551196
1419.3666496101857,2.7965306424490404
1420.3743054317597,1.0637058363466463
1426.9280601348798,3.5658823855936452
1427.8571374116332,0.8304696035976701
1428.8631561418188,16.836058865341066
1429.6195914002178,4.6021286129261965
1431.8472243999515,2.022948716931644
1434.6511273814783,2.4821067147207208
1434.7430107877008,3.9967802185515207
1437.2912527772876,1.470477041871658
1441.3117336845373,0.23404278175470683
1441.3829845095615,3.3734295055214085
1444.4430357064114,4.149852699734327
1444.109425135546,17.113786028228905
1445.0751965800607,1.832467097383083
1448.6043396520101,1.9421947890968487
1450.4597820329575,2.5701136813633543
1452.979354375765,0.3354776495133063
1456.186683511565,1.1405435302675548
1456.5890002690671,8.98425236872315
1457.9744905967025,6.727081630012625
1459.2273269882337,0.9192416955883373
1459.9852284568847,3.9232880424732746
1460.3475979997727,1.1945118280999305
1462.1941143496163,0.993665410043693
1463.4449033759252,2.2783733190394893
1467.0668382517463,2.0853784317091595
1470.4842137675412,4.330422893725903
1472.0193757394359,11.84629780163357
1473.7620955078107,0.6668396237125538
1475.1593319658168,1.0114938382835807
1479.9015467012553,22.130674002201523
1480.5067219040448,3.0849186758902754
1481.632823757885,0.6102287838606161
1482.59359502751,1.2802479626067176
1481.7055384880996,1.4837384055942249
1485.925729456099,1.087300311764239
1489.3923932986322,1.1443292637059088
1491.5064447387217,2.068346353879857
1491.9217463862192,1.5350431846967116
1493.0556121734787,13.526541321759073
1499.8553059870487,4.270205445461136
1506.485824043483,4.749865125655811
1507.012984422358,5.734294742887986
1509.1148440907655,1.99008906548362
1511.0757158880292,1.9889336005013099
1513.4434415946387,6.058055120083038
1513.6797180651795,17.429819661485997
1520.2708479193038,2.9235364865935387
1523.21874604984,1.4967861307309303
1523.985541359869,4.890604918713044
1525.0327192928648,1.911021206585822
1526.0793323779774,1.5359783416295563
1527.1798616887709,0.7564182758631507
1528.0814222926351,7.767097652098724
1528.989513185935,1.3022391864049672
1530.9068979899898,2.4474645724310116
1533.4443251404819,4.054863108705881
1535.0117440813945,7.425278482130417
1540.0595635065686,0.7604406269226607
1540.8525405174923,8.107841267888178
1542.7222660484117,2.046128278812742
1543.1109236155983,2.036393065503193
1546.891251111416,2.6514268236596434
1547.9502543718093,1.667076949022225
1550.797321718706,2.0008721920001324
1550.7643395543614,2.866308303988306
1552.303499549309,1.2434664430579463
1553.615874238327,6.8940809800236735
1555.4098244769511,2.199049934980868
1555.7904009903043,16.702261358079436
1556.3199164002936,5.938832100850018
1569.3739101780077,3.8768821629776196
1569.696135846064,4.783761743417587
1570.9240907989663,12.708272566745915
1572.2234735732516,1.9548573507992155
1573.8499285569703,1.6340633434169305
1575.8748100680489,1.0753730204761776
1576.0637575402093,3.449734920343345
1576.7199056541324,1.5437354300462034
1579.8064377847104,3.9665796405587783
1580.3305685133757,1.1815978746181226
1583.1444804735409,19.99886358427285
1584.8419329784929,0.5094001101195135
1586.0088117039732,1.1317881845507332
1588.0213787144298,2.273582547549679
1590.7612640947245,2.911165351277692
1589.3591633899716,0.8444184965331729
1591.9039093271924,4.085584155405758
1593.5452012841395,2.9525693198698204
1594.978119810653,-0.8286867414941492
1597.462239030469,3.6141847115345564
1598.471569274646,2.8681813932830407
1604.5306885479365,2.0615132923189794
1604.0088677689073,0.3439073660600511
1603.824284945992,1.09310745964064
1608.7094099176866,0.7296274158905545
1610.426950023686,0.8415931469118414
1611.5840269823327,15.308131698223383
1611.2014962522142,6.267565700487347
1614.7726099327672,1.94377103077247
1617.1131501687285,1.256187391758442
1620.9453511004313,0.9528206322902852
1624.8913943651944,2.9981936908851496
1624.923409711113,2.005360495333101
1625.8536652146124,6.95091497027938
1631.3032723178821,6.430009971507527
1632.1490394005696,1.0219145622958261
1638.1265264304448,2.0060157452383653
1639.6167736524033,8.800868072575138
1641.6724770801588,1.965748486120394
1643.7100059458603,1.4587093451677458
1642.797967429566,2.1873599061559488
1644.8421056827947,2.8831034248898706
1649.0890716766833,1.4081605842265414
1653.6411040638386,36.811799472654805
1655.408919639605,3.440799496300697
1658.4956917893435,2.3361925274617885
1658.8437137180777,7.645283407688264
1661.0086540886018,0.00011037344878073174
1668.430548509318,12.389213258655474
1669.8220098199138,1.5566426521823682
1671.8100703794348,1.6209339054019472
1673.3105375011037,2.9670796011828724
1674.7309918439553,2.2707639620626465
1677.530241304217,1.1382078285766775
1682.8283097145659,12.948785520220287
1683.892229135874,0.9549058585713538
1686.7195074591896,2.2360461811883012
1689.4947673996176,1.7790955514161249
1690.7917644165177,1.0812091629802534
1692.1488755862106,1.1068062710285107
1694.799420541915,11.663789285594754
1696.5556506057858,9.150250958261557
1698.3292708257648,2.0224565775708476
1698.3379544593347,1.1919477181934317
1701.132301526156,0.9389032839228563
1703.6574719226703,2.2924125576431242
1704.8053486394867,1.013091898022738
1705.8415633932689,2.0060981054741314
1708.9630290332932,4.143070168599647
1710.1076296695485,13.119702943450289
1710.815389571363,3.3819504352879846
1712.2917363909817,3.164948108886785
1718.5631298633148,33.44951837956189
1725.1542043168522,0.37942254577800805
1727.0484051189503,0.5385434054193223
1732.338736062143,2.0586013724774466
1737.7330070476582,2.668768498152424
1744.570588657506,3.6458339007110148
1745.3636647832934,2.267704681355962
1746.0754603200724,3.6814774173260285
1748.219708652329,4.191523390336229
1749.9487062900341,3.3770794707044236
1752.3306364923758,1.26653308186429
1752.2213933969144,1.2392922079288984
1753.9572658874508,1.0382004437286207
1755.9692416672756,3.646134960931602
1756.903299277508,6.151320300515656
1757.4098280752285,3.369289137331986
1758.0423689232045,-0.4422526204272226
1761.0583081599527,4.2873045056030765
1762.0997936789227,3.9028870342197908
1762.949859257719,0.48510952658381823
1763.41949410898,5.220801826046111
1767.8990793199478,2.182247417541294
1769.6092644746266,2.9189869324840627
1770.6458963869725,6.190910880654407
1771.2232622858035,0.8766705716165635
1771.2471323919654,1.5992777795969464
1773.5859343703412,0.5592703849762235
1774.750115956743,2.9416042228011343
1775.6561334288633,2.592948390893108
1777.6144144319999,1.7569367475856743
1778.9090680897473,2.1291944608353317
1783.039098269858,2.0258296245253735
1784.1348091617522,2.3002154827736963
1785.0161063518315,5.08493984331127
1786.7332998089387,2.607207447227132
1788.644130124275,2.3723694470059167
1789.4202527624595,3.943033723943575
1790.7339229966717,5.899730412804534
1792.2028278487853,2.1573288030877387
1793.0705366899715,-1.3421128744171669
1794.0576365557367,1.0524177111402244
1795.9949933854534,2.04069220310579
1797.0963112481954,8.813031274286743
1797.1192156815853,4.040151411663506
1798.8867103186155,0.591367354101096
1799.2202535594881,5.32777630435826
1799.9235904523227,4.566349857278095
1800.9814596429248,1.0331428822877045
1801.8162547689508,3.383948358467236
1803.22282008001,6.486889749638411
1804.1693477029607,4.605319345860554
1804.4998639175283,6.84204818057398
1806.7772233512608,3.7011394917776403
1806.7253382501276,0.005838226067664709
1810.1105492226473,3.7507423550524708
1810.4584039391173,2.8905753179267033
1811.3328410237048,1.891510640646387
1812.5774698059652,1.4150815133219852
1814.3565136031489,3.7241466769952285
1815.1356296098224,0.288539479807021
1816.4040376667506,2.153252679815285
1815.7786591337308,4.012301875955673
1817.82336666477,4.10008748254859
1818.7293123370052,3.2457491065478163
1819.7412494267007,4.4413912268783005
1821.2956250791515,2.2148594529264134
1823.0573419806508,0.857065743860181
1823.5873897946817,4.533375812392927
1825.8761405754192,14.686618943040514
1825.5678586464574,2.728883307872671
1827.3814463249118,1.5031744367435163
1830.851526480714,1.3786282459427879
1831.0800297792734,6.011982223554435
1832.693918737032,6.729439855520983
1833.8695765422165,5.342782207686824
1834.868143592883,5.145897892019223
1837.3671366000078,0.8238295982110733
1837.5010405284831,2.1574191526902355
1839.6219024119937,5.728013986813618
1841.5776962055368,1.2166625607574018
1842.1743312681838,2.3154567682942115
1843.3392488784145,1.1157279779774394
1843.751835723042,3.3483308729713905
1844.7535869303351,0.865833960024676
1847.0558285466147,3.769890080574532
1847.5512310668678,5.789565393180273
1848.6876485248881,4.558651598420862
1848.92575657981,3.000052696257899
1849.9281091905707,0.5355968985228391
1850.5875803161746,3.273129877757762
1853.318786126071,2.026543986984404
1854.7106505493457,1.8592691223685214
1854.9656072073524,3.9485546577813517
1856.1867802790525,2.1653272503900247
1857.9450193972796,-0.09129345987271642
1859.0201458747383,1.524316709852141
1859.528417339338,2.17376230487679
1860.7866033353698,3.6828853042729586
1862.7179070791994,2.1448284034416245
1863.0260865413406,2.715387223835621
1864.0499822978811,1.095554998175209
1867.744893184059,3.038724934803727
1869.1107822773515,2.5488493700411294
1870.3472259615955,2.410545486323697
1873.7940928881515,4.601400716007962
1875.269832472252,5.944270454040109
1875.2457853735723,6.575005792218616
1875.9901959317629,2.0452836596211803
1877.2379622523542,1.2890953039294661
1879.7559558251473,2.88566412909494
1879.5148398288534,3.0371283402469613
1881.3972711705683,2.6759521943094216
1882.061659198631,-0.24069586806470045
1882.7070650524358,1.0335290033198312
1883.7775094566261,3.3017333872718235
1887.0353836719335,4.134671927031106
1887.094958697268,2.767543478384696
1888.4922669180064,0.7137082104965857
1889.9816070443496,5.113089949184883
1890.8601184938939,4.1031320682866745
1892.6214297405875,3.8236824333753106
1894.2068961082846,4.635983217898836
1894.5967530619216,4.873586711289843
1895.4587018499428,4.3675828873622855
1897.6316805453077,2.3502301215290813
1897.9267967192955,3.1840921152788932
1900.8990431334646,2.069522596737607
1900.8522568373387,4.607333106276262
1902.0079425211327,2.294121885891856
1903.0109030658296,2.0039457327869097
1903.4172572906798,1.5194640823183554
1907.2537341656034,3.3905640586945047
1908.562440761154,1.4522184326623797
1911.911153603748,1.8714623610961851
1910.4517456739281,5.264714861482144
1911.9882290600165,2.8089212005647544
1912.1541856532149,1.12481009797709
1915.7700799651,5.811770542947852
1917.2850273457084,3.6419900470990783
1918.635469886262,2.049843600230079
1919.1006673841284,1.7465713511499272
1923.0972469433464,1.7670409675099974
1921.9573470589346,2.984445311607942
1923.5975190927459,1.5535383663906712
1923.6788783644467,2.944454010160417
1926.0857398278872,3.2323607652274013
1926.3671091068102,2.0736915438284473
1929.1138909029173,0.7571792790745864
1931.0475553390331,0.009495156598727128
1932.114473256374,1.7817664343698687
1936.991862082469,2.9702726923787734
1938.391051952205,0.1752780127931175
1939.657192786425,1.58978595798607
1940.1151556885784,3.9354966683021653
1942.875382942397,1.8754525254929404
1944.69692176287,1.961906070054415
1945.095379191861,2.120749287837774
1947.10635892186,3.5462474411749043
1947.723203381289,1.2432732537827842
1948.6501758221684,6.941854727188915
1951.8817415316926,3.4761179398347273
1952.602344205248,0.8029786548824934
1954.3153871961813,0.357135208925873
1956.8504499630712,1.1496616488216957
1957.443536807722,4.369119196093627
1958.7632627322798,1.7687061759840959
1959.2962667792947,1.8878107468470922
1961.9747440961653,1.0261185052961486
1961.8867845491368,5.132684173638524
1963.4208807906407,1.0935373233415557
1965.9391086475296,3.729956585152135
1965.8953124685984,1.8918864383909166
1967.9253419186032,0.2000613516572528
1970.315913824078,4.15845896905935
1970.881254933798,3.2586032805109766
1972.0422151679793,-0.2778818486755523
1972.983299828503,1.1971425050968956
1974.8395060870023,0.6248295802636539
1974.905503802575,3.067009408215897
1978.6172341842175,0.9847555049850162
1979.3167375242724,2.8268221282597157
1981.8775216863942,2.36068394309161
1984.5114117065393,-0.42733345593486716
1987.2725849253345,1.4267847896184775
1988.215976046014,1.0113939297069614
1993.7085460492465,1.3918398746420506
1996.408962414723,0.4625315819993051
2000.0284918228012,2.3959084068021665
2001.0188215815883,2.325994832090265
2004.483307502443,0.07582448177683943
2005.6542047421917,1.1349486400123117
2007.2500279016185,0.7791605372715793
2008.0264127130795,3.7725759640433383
2009.2629152906518,2.049054116612944
2010.8943930703326,1.732156917119996
2011.9355796598752,2.2720192047321026
2014.3717569445637,1.473363290334317
2015.0306958129177,1.8367510178750315
2017.2265086591624,1.8370860130510753
2021.3462656594854,2.5570596307902087
2021.3548104528427,1.1941704370092538
2022.8146697698767,2.6425337049005417
2022.6159552710108,5.4579963360727115
2024.4176904817537,2.7510982655157936
2026.7507244024566,2.1589136902993364
2028.862105899477,4.277874630702418
2029.1463219288796,3.9122138456142235
2031.0764020680567,1.274156202977477
2033.9132580176026,1.6440063425100269
2035.5584901502907,6.752933808814293
2035.145118811389,0.6495336539201602
2039.12581915347,-0.21218825010993525
2041.5105300845166,0.4423474857716233
2048.7415816137363,0.8108805627418231
2049.958881019137,1.030764298509695
2051.2646939326664,1.404976009027816
2055.1292518680016,1.4647333967414147
2055.977606141769,1.1320563759425952
2057.265796619481,3.042209819999711
2058.1273101236343,1.9597755649403745
2060.0102142616674,2.9878461975038535
2061.585821896146,2.533721668538599
2062.3572415480926,0.3080768253233681
2063.741020957571,0.11327534942166928
2069.4689325970903,3.18518620876773
2069.977669731124,1.82459504933054
2072.28650700484,2.9524487337359555
2072.175142909623,1.6766088988930117
2076.9230234171887,1.092982108052098
2078.878970623802,1.1657000187887934
2080.0364774223754,2.1685624653053424
2083.488269563052,1.974238780203498
2083.7845757805394,1.777017001594427
2084.447132336179,0.2300338284796769
2092.364338347687,2.1181524312297504
2093.307597687943,3.421579856198011
2094.6650583500787,2.0149619498821374
2095.7342735338034,2.2582637100401115
2097.146754929089,1.9745065730200997
2097.2933194937254,2.6888143109826723
2099.959310923423,1.144931147710517
2105.8465930144057,1.0714844866460351
2105.796688512309,1.3680974947121731
2108.2381666468823,-0.08261438325445214
2108.5250286605506,0.3930744947399285
2110.0929892718796,0.6261029676226363
2114.4558689332684,2.2332081546473637
2115.0687459878764,4.394095852705548
2116.208515960336,1.3327180196875341
2118.119970711149,4.011631508153036
2119.103589533698,2.0535865189762768
2120.6303104365106,2.4616643772658495
2120.9927458489487,0.73828215280225
2124.56921828253,2.1589728113135225
2125.343414540308,2.1715039763748427
2128.731829276619,1.0136040592356805
2132.724386590766,2.8508147999414946
2131.836548149625,1.8794828187329018
2134.4213323746894,0.5799125595304888
2137.9874657013497,2.2471860725559596
2141.335412382678,4.700931913888118
2142.366702694568,4.206034482061659
2141.9159516048417,0.7144562196369024
2147.798114512813,0.05009631436402806
2148.35964950982,2.8357033529825704
2150.19076423427,2.3620004578613125
2156.868743657021,2.8163138913816415
2157.2241997444016,0.23741361635645353
2160.3830700029507,0.486319127400492
2160.98108216635,1.4821526451902567
2161.8953194303804,1.0695728407313314
2162.569874707411,2.704018740528461
2163.9502069022947,5.286270896700627
2165.2646832772434,-0.044876847552166144
2167.1279866863074,1.5844187773265177
2167.7953371486146,1.3912661993115158
2168.8842291908118,1.8478819530725925
2170.1407535427247,1.3225162096775085
2171.898955549307,3.7969628135889715
2173.564854626858,0.6018829697211139
2174.529535626607,0.3811055428467689
2176.0822231771213,0.8858768833882439
2176.4888241581375,1.2233865752378665
2183.0328467776344,0.41409742581917264
2183.587721302892,3.274939499984663
2184.3290012916327,0.9370990152991531
2188.4195380914234,2.2851608986139467
2191.307640657415,1.2705784579855437
2193.166593929789,1.0742457138537833
2195.987672086758,1.409974029489809
2197.554550400507,3.466461205988704
2198.36319572338,3.9921233258139983
2199.501723860085,2.395737033664587
2203.0917894734534,2.418578129662106
2205.338781541499,0.8985172310192588
2206.279175333943,2.549393448313807
2212.0185488188954,2.5816694079656246
2211.0181673554234,1.9430754213809953
2215.6952062944997,4.283613464219574
2217.811129055701,0.5435350561013448
2219.636923781644,1.3467399744146675
2219.6184967131644,1.1705497247489092
2222.979483828533,5.1445224528112625
2223.844006722614,2.4524658359116236
2225.433748278994,2.314299627352867
2226.015943090839,0.7293939194834698
2229.3378162423137,1.7042143304799424
2230.481650170384,1.563337839892195
2230.67199997513,2.6943431632821984
2231.304451716246,2.0025591681088213
2232.5184665057163,0.7517842270647005
2235.846618149952,1.0800223629142836
2238.5119153923233,-0.031211481275946085
2238.153111009951,3.5366874632421323
2240.564492737665,0.7517315046083294
2243.938152781362,1.8830084733062102
2245.0548718111518,0.9180349608298384
2247.725711728491,3.6628908289229223
2248.1762145695816,3.357126195415481
2249.1177429418685,1.769341530763303
2251.798415331873,1.9308603818548413
2252.093934330296,2.5122637366366907
2252.889399466146,1.3291908488817696
2254.6500429331595,0.2647684054956254
2257.524449531411,0.8289462905047582
2259.887493748129,4.639547798918219
2259.399315808792,2.366177681958912
2260.611089002543,2.24403853398005
2266.4119388291165,3.1461412461197695
2267.2609979019726,2.9129144729749994
2266.778686960499,0.08164071315202759
2270.2660083583105,2.4068705147934706
2270.425696389311,-0.17125319214460855
2277.648280370401,1.9411391073200004
2277.556190972585,2.415920637967219
2280.642387151193,2.952755475789651
2282.001648930205,0.7594194863365116
2287.829077395758,29.61013028338038
2286.650411161154,1.6032191984710924
2288.490072513094,2.655838024752997
2294.8778081579103,-2.5479925569047666
2295.5018920147095,1.227559370066551
2295.9518830692305,1.503982600851849
2299.6653943709266,2.5868802639170134
2301.967168660681,0.09878413662503582
2302.5919249866447,1.5275060646381493
2301.694612947306,3.5674185613534646
2307.380120185805,0.15142233992522525
2314.9170968123894,0.3721186833609592
2321.2476507581546,1.091158101287013
2328.900750157804,1.240058906956096
2331.2841994720848,1.022040852356857
2334.4483229870634,2.658459340405716
2335.275400063453,0.7697988319233596
2338.7097796592016,-0.2241276151325935
2338.7599246393406,2.9195188090706385
2342.9015151959766,0.09942331594767317
2341.7547343264127,0.7682044482247423
2344.7125945770704,2.0114116240528594
2344.6995189843105,1.082574130775461
2349.1945073408624,1.521540948962524
2349.5240757721403,0.5719688674492567
2355.4377294267765,0.887685990204371
2356.6541253876644,1.1515463584071237
2359.678049730102,1.2277002632055356
2363.8198323152656,2.0508882866056943
2373.3620326494847,1.679931739908182
2387.76740434458,0.9832913694350579
2389.2056960935606,0.5371122758543502
2392.09278695726,1.276894843808563
2391.2331333667116,-0.006931476009956583
2394.9000422248055,1.918628458056461
2395.658609751565,0.867698209864083
2398.7986617139236,0.9963221124380794
2403.216442562586,0.7436145358271941
2414.1303422280657,0.6032065425678899
2428.56616348481,1.1508127887116273
2433.1669514971736,-0.8447599108859425
2436.802502583518,0.9893564624983429
2441.826346832134,0.056524941044805765
2440.9896259907364,1.5622708290041685
2445.5791258718436,1.3976257499234084
2447.668371127218,1.9170887597383879
2450.6080635358217,0.06810770870657545
2451.17326522114,0.8663842158669276
2463.9569267652873,1.283123286723211
2466.0361508851765,1.2266065064645224
2481.0035888554703,0.7796644020096619
2481.8149628764813,0.4361116134562181
2492.1438526392026,1.0291699105902603
2495.769623816572,1.035611957086373
2504.1546465238093,1.7823552631851474
2511.807787999381,0.7453325060212611
2513.713367048877,1.3426201551954793
2527.2751072316055,1.8004026045312609
2530.2637706902665,-1.155114324149742
2532.7180543253526,0.06001225860994286
2539.8435706406203,1.3573483286399095
2544.68681977015,1.1480140895189492
2550.65713669497,0.132482919599755
2551.497899820637,1.0674448362851081
2552.9507402067106,1.2231941374166104
2555.425693314855,1.1181422932244889
2558.788185673132,0.8171079490478519
2561.129521725938,26.1811769607645
2577.79056593157,-1.6980917881527757
2601.4252378030405,0.5303386001851267
2616.4214523685296,-0.8507956815423543
2799.601238922959,3.272502973238198
2866.478852704232,1.3211875893286162
2895.3807308173473,1.425785270431817
2904.6554569250306,1.228133141003476
2907.9697075117483,1.8647258227352983
2910.6091316496577,1.6186726053715406
2912.281519610541,14.553743174849915
2918.3730081422314,-0.07668347003203069
2927.0169461857568,1.0643935286778168
2929.809953434452,-0.6504147623484291
2941.8251115906105,1.841810763189242
2949.383295251696,1.009730579328404
2952.7072373556553,0.7487871490001241
3027.2238716764336,0.6603004147629262
3271.937064123848,0.544293417872374
3277.8992051838195,3.5213123172323173
3280.3505257319903,1.351565777814605
3299.5821582897215,0.4449387452607785
3597.815944180571,0.9599275159845996
3965.9376572386905,1.484081417399532
4429.920588783614,0.47151854628722534
6106.014810477127,0.09206539761083388
7689.509235011519,0.2682509053590574
7696.67012515944,-0.0014241233857343882
7880.127903422592,0.7996487311260518
9999.175742187505,9370.183772526316
9999.98307297102,135.66218719602176
10000.7977463807,11.279664690933917
10002.079401884743,22.751054805289687
10001.77420883198,11.326918998936115
10004.268930445265,6.227654894079141
10004.896590587248,4.160226303962549
10005.1769198696,8.147596599995103
10007.31051388284,16.004763503503906
10007.520080829332,7.127124765669785
10008.49118234025,16.0611533841408
10009.97950775452,12.013488201677745
10010.594877745865,12.91046662624826
10011.840724213003,7.3257191486684885
10013.796752093209,3.1822235490669737
10013.778521885784,5.939259881664196
10014.810560043168,14.389372379748526
10015.786418559568,9.481895944507544
10017.856571262884,3.539802065694669
10017.634007575587,14.709937398757976
10021.052625310462,14.139503647582815
10020.9310098879,12.3805157497724
10023.407555682357,6.775913462906897
10023.541907780838,14.691792070046901
10024.580545954906,9.701599441148808
10028.902481639778,14.053985986528263
10028.942546653385,6.112730513393873
10030.498089201888,3.513508465451816
10029.749292511988,3.8900874994581116
10031.790044117453,8.116834573632326
10034.558024410115,2.604358474166518
10034.071776875151,3.2087173808250244
10034.500174128007,3.7023756398562897
10036.039459914613,6.89309443421188
10036.977306749508,4.0657148365031155
10037.935742547625,7.69714019787451
10038.882372679569,6.415192489193816
10038.955602713568,0.4616470770305774
10042.75421090609,3.5099586125678823
10043.092124484312,3.6359564331905005
10045.770481937103,1.8796525260443155
10045.197050655019,1.275164207832721
10045.98630359912,4.062004193249284
10048.867926058383,5.838810604864922
10050.109563624486,7.677440747480835
10051.070171392972,6.053321803583199
10052.272547833476,12.950384809823293
10052.907760421633,2.834809269982282
10057.748233536031,2.10235829777779
10058.41878843335,3.3336037206247893
10062.989957519403,2.399854357848321
10064.840859574644,3.40809914327149
10065.042427142322,2.5495938438075667
10066.055201068128,2.40447774789075
10067.068243932259,4.270221001598538
10069.291448417107,3.762132109708142
10071.776025970074,2.2710008436784848
10073.264556249178,3.861082734254768
10073.617290443219,3.3678002176185995
10077.43979788536,2.22848699730513
10077.935316305811,3.3074009164845948
10079.469289346262,3.2586022536321244
10079.901163523979,4.010867888222483
10081.046161639026,3.873521924106001
10084.52640569919,3.9328392047739773
10083.811992404728,1.4434931901861536
10088.107358477115,1.9990234506617504
10091.594542165341,1.1513999786125868
10093.085434573513,6.060299307407828
10093.674833719922,3.3279458461860036
10101.333685817493,1.0206341326380626
10101.982216543318,5.010126573783028
10105.41920564407,2.4844805308897
10108.207978686381,4.073047582129613
10109.13518775548,1.861506006808674
10111.981608199938,4.044546020020899
10115.776871276137,1.9430087916350633
10116.690664942436,1.7895945123912178
10118.611779157825,2.551228660451321
10119.487574839713,1.2480788769979414
10119.03793421279,9.021152985314314
10120.512204648043,3.719200105076156
10127.731437764587,4.133151624101961
10129.894050866422,7.17825082770878
10139.633930096245,1.97215453965832
10141.514128657169,1.8063627173590513
10142.385457693294,1.8292654790737675
10143.208100192938,1.8479977556942513
10149.264973316787,2.2660540141270045
10148.350331915091,2.1571398926271486
10149.814628547605,2.076330929123061
10156.520327525694,4.312425565685268
10158.516829235667,2.6402150675351823
10161.519280570352,5.345599633378113
10163.809786747725,0.7942723153156788
10164.00918041156,2.7437635002027334
10164.658633790003,5.775156202926682
10169.425098964051,6.944547698598162
10170.67017848147,1.8616525069012497
10171.95258709696,3.6993215866339986
10176.402099187962,1.8116317900888923
10179.621238321384,1.179876252232487
10178.209720309616,2.5230217856591977
10178.589406809919,2.5340854214933817
10182.190652212399,3.5220084836742185
10190.724195793806,1.3187482769013115
10192.927133892712,3.916403908937058
10195.99439408514,1.6701958831833894
10198.195160463896,3.936400841865155
10199.304697237463,2.1859771466221627
10204.439643060115,2.4984527596099437
10207.798574129176,1.4783185478797802
10206.031427479622,5.38709875181774
10210.235060311099,1.9790382342742803
10217.17259641833,3.1024997353089225
10219.491508923345,1.3528003118957992
10220.516292138653,5.258484416889972
10225.518960220865,1.5764887848833098
10227.437017987817,1.2990419659317392
10227.5630833577,1.7679881365521024
10233.486436699877,3.703485174862801
10234.759716300474,1.5778536935004077
10241.422632923357,1.1222677812432762
10248.1209521675,1.2280548289478528
10253.081751572605,1.7035458356565412
10255.045837121283,2.324803889793064
10256.105789226822,1.4476978956706081
10262.617574298336,1.9253758999936315
10267.361531844123,1.4564303009836588
10270.237863819784,6.142159924113664
10270.198179656316,1.5055897333968056
10273.373619271459,2.898357764130602
10276.20400596766,2.1786596248428483
10280.425330559283,2.2210143774628484
10282.599709395612,2.0683083574656536
10283.898414106647,6.023644475989878
10288.006004585646,2.672472711659951
10287.717967778293,2.0711388088092777
10291.469144929097,3.7205884730711043
10295.008743754326,2.049239756458959
10296.81132335016,1.4856152032940224
10297.503608745836,1.3970517117579129
10301.012316299146,0.6284966841669404
10302.77844335443,1.9487899817288654
10303.441099410273,2.3379447426292117
10303.487828669538,3.8649888333843334
10309.414047025512,2.4256103344389124
10310.803450927204,2.856840222571521
10315.968356831403,2.5044783010832865
10316.56266342921,2.0558178407348744
10318.984634792723,2.3731539809221274
10338.242504842547,-0.20942638361816135
10353.346764386268,1.5990749818634316
10359.296477174626,1.8355284558690508
10364.247256435441,2.265668722532748
10388.311028956827,1.550060553088806
10397.022180848588,3.6379561476226474
10399.803077956847,2.453796514546677
10407.833647581356,1.3022108237721388
10416.992116855286,1.7893008427662702
10422.257857747576,2.132783855484399
10432.515062604583,1.3316161142636438
10442.427204992673,-0.041735934110994855
10449.382977150484,1.8704791396395601
10485.79372057066,2.0512070663083333
10493.263745901373,2.399894040853053
10517.743665271042,1.9225892191154144
10548.650080403375,2.549541520668305
10577.39310495376,4.684898089905941
10589.943041309882,2.4182946183990106
10623.294446083162,2.1084871875079005
10623.668953558063,1.8590834422764333
10674.284032333184,2.32551914025427
10680.272619635909,2.1607040535080593
10685.962805116753,3.1566113795570674
10692.038988358128,3.079030293054779
10704.061542804233,1.3229501048480858
10732.068876554431,0.8126742455545952
10785.245838713317,1.7730721151332642
10806.121237570453,3.052773051346644
10847.387229034597,1.9314127848563885
10864.919605488292,-0.5478312412411963
10883.884961017595,2.0260481421068457
10888.246541593384,1.895249826084728
10925.834574222701,2.20842572872386
10934.59480615244,1.904576588658852
10938.796199496432,1.9310741040848427
10961.300087484879,3.1152407452246744
10962.771543474186,1.672163128361992
10973.637698962428,155.93191013105093
10985.09897834659,2.0306610150806144
10991.976886877648,2.6847730601046322
10993.519507079704,4.069888490772935
11026.117715815004,1.4198352277547648
11284.928712671808,2.3343477048788763
11529.825816418177,2.106083226009601
11581.82589429317,1.510765165789703
11585.534037449146,2.550005975637653
11596.685615233151,1.9297253143290742
11638.975545174468,1.8319434319578034
11640.143063459454,2.080003445441362
11656.803268775417,1.1665765000051107
11739.176224032895,2.1463903605392325
11744.566359000457,1.8385868330847264
11798.899559899424,2.1944104283279993
11947.56268597729,1.5701575411457973
12066.898713118544,1.5163090134473318
28123.266537560354,0.9659911558066843
28165.02530682617,3.017817046741788
28170.866291679464,1.9073059020170413
28197.634270167746,2.495564726277786
28209.973759428995,5.790613376678144
28212.197306509668,3.0224169605396094
28311.128355175093,1.1908046977683342
28385.256282314534,1.2594735320853816
28447.935073235047,0.8771566897596826
28526.854808301716,2.49784444298277
28553.4684235557,1.1909342385684552
28784.039084864628,1.2073052863604985
28811.951948845395,1.103212376013658
28875.42492015878,0.9841112269390673
40827.26360468595,0.8676496433819195
40865.36373498864,1.0213864892933369
40867.0112414256,1.9263252727287499
40868.453583193994,1.4809802532892586
40871.04835843514,1.5132237119901457
40873.38158991889,1.1338965685492162
40875.476797615185,97.04964459931206
41170.95053651104,-0.3125096823649409
41180.739460729266,0.8532554560212615
41186.23228813972,0.910554623426217
41185.755637162474,1.322916950051046
41186.83071120244,1.0972776144279044
41193.42205210536,3.1327366974658544
41199.65249704829,2.346395263335916
41206.78992789969,1.2069001974269025
41212.25643382414,4.574074741383635
41214.44400547297,1.1610965267325963
41214.59152832537,1.480480793789436
41218.17885650049,1.7864745275890508
41220.499896200476,1.067672094601586
41224.773599730106,0.9664608864168812
41226.8265996422,2.7567492032571996
41228.924853780096,1.0797510914223292
41230.84747200928,2.9850780107487482
41231.69066906497,6.068068930789773
41233.539041504075,2.234919974090573
41234.07280751613,1.0542922786044486
41235.094014780356,4.822478460644038
41235.440712826225,4.276443065992752
41240.15358334549,310.132236533551
730912.9505280658,19.208099453999363
730954.958424194,172.98869910240802
